#abdo	5.424846649169922
#able	4.038552284240723
#abru	5.424846649169922
#abso	5.424846649169922
#aced	4.508555889129639
#achi	5.019381523132324
#ackf	5.424846649169922
#acki	4.731699466705322
#acks	5.424846649169922
#acro	5.424846649169922
#acti	2.7857892513275146
#addo	2.621486186981201
#adin	3.815408706665039
#admi	4.731699466705322
#adne	5.019381523132324
#aero	5.424846649169922
#affe	4.731699466705322
#aged	5.019381523132324
#agge	5.424846649169922
#aggr	5.424846649169922
#agin	5.019381523132324
#agre	3.815408706665039
#aila	4.508555889129639
#aili	4.508555889129639
#aine	2.5916333198547363
#aise	3.920769214630127
#aisi	5.019381523132324
#aiti	5.019381523132324
#akda	5.424846649169922
#akin	4.038552284240723
#alan	5.424846649169922
#alar	4.731699466705322
#aliz	5.424846649169922
#alki	5.019381523132324
#alli	4.508555889129639
#alsw	5.424846649169922
#alte	4.731699466705322
#amin	5.424846649169922
#amus	4.731699466705322
#ance	3.920769214630127
#ande	5.424846649169922
#andi	3.4789364337921143
#andu	5.424846649169922
#angi	4.172083854675293
#angn	5.019381523132324
#angu	5.424846649169922
#anin	3.920769214630127
#anks	5.424846649169922
#anno	5.019381523132324
#ansf	4.731699466705322
#ansi	5.019381523132324
#ante	5.424846649169922
#anti	4.731699466705322
#anxi	4.731699466705322
#apin	4.731699466705322
#apol	4.731699466705322
#appi	4.508555889129639
#appl	5.019381523132324
#appo	5.019381523132324
#appr	3.815408706665039
#arch	4.326234340667725
#arde	4.731699466705322
#ardi	4.172083854675293
#ared	4.038552284240723
#aref	5.424846649169922
#arew	5.424846649169922
#arin	4.326234340667725
#arme	4.731699466705322
#armi	5.424846649169922
#arms	5.019381523132324
#arou	5.424846649169922
#arpe	5.019381523132324
#arra	5.019381523132324
#arry	5.424846649169922
#arti	5.424846649169922
#artl	4.508555889129639
#ased	4.326234340667725
#ases	5.424846649169922
#ashf	5.424846649169922
#asin	4.508555889129639
#assi	4.731699466705322
#assm	5.019381523132324
#assu	4.172083854675293
#asur	2.562645673751831
#atch	5.424846649169922
#ated	3.345405101776123
#atef	5.424846649169922
#atel	5.424846649169922
#atev	4.731699466705322
#athe	3.4789364337921143
#athi	4.326234340667725
#athl	4.731699466705322
#atic	5.424846649169922
#atie	5.019381523132324
#atin	3.633087158203125
#atio	3.284780502319336
#atit	5.424846649169922
#ativ	2.562645673751831
#ator	4.326234340667725
#atte	4.172083854675293
#augh	4.172083854675293
#aunt	5.019381523132324
#ause	5.019381523132324
#avai	4.508555889129639
#avel	2.166750192642212
#avin	5.019381523132324
#avio	3.2276220321655273
#awin	5.424846649169922
#axed	4.508555889129639
#axin	4.731699466705322
#aydo	5.424846649169922
#ayfu	3.7200984954833984
#ayin	4.038552284240723
#back	4.731699466705322
#bala	5.424846649169922
#barr	5.019381523132324
#bash	5.424846649169922
#bati	5.424846649169922
#bbin	4.326234340667725
#bcag	5.424846649169922
#bdom	5.424846649169922
#beat	3.1735548973083496
#beck	5.424846649169922
#beha	3.2276220321655273
#bend	5.424846649169922
#bera	4.731699466705322
#bing	4.326234340667725
#blin	5.424846649169922
#bobb	5.019381523132324
#bodi	4.038552284240723
#both	5.019381523132324
#boun	3.345405101776123
#bowi	4.731699466705322
#bows	5.424846649169922
#brac	4.508555889129639
#brat	2.716796398162842
#brea	3.553044557571411
#brig	4.508555889129639
#brup	5.424846649169922
#bsor	5.424846649169922
#btle	2.716796398162842
#buoy	5.424846649169922
#burn	5.424846649169922
#cage	5.424846649169922
#cand	5.424846649169922
#card	4.731699466705322
#care	5.424846649169922
#cari	4.731699466705322
#carr	5.424846649169922
#cast	4.326234340667725
#cati	5.424846649169922
#caug	4.731699466705322
#cedu	3.345405101776123
#cele	2.716796398162842
#cend	5.424846649169922
#cere	5.424846649169922
#ched	5.424846649169922
#ches	5.424846649169922
#chfu	5.424846649169922
#chie	5.424846649169922
#chin	3.7200984954833984
#ciat	4.508555889129639
#cidl	5.424846649169922
#cing	3.4099435806274414
#ciou	5.424846649169922
#cise	4.326234340667725
#cite	4.731699466705322
#cken	5.424846649169922
#ckfl	5.424846649169922
#ckin	3.7200984954833984
#ckon	5.424846649169922
#ckup	5.424846649169922
#clap	5.424846649169922
#clen	5.019381523132324
#clin	5.424846649169922
#clip	5.019381523132324
#clos	4.172083854675293
#cock	4.508555889129639
#coil	3.920769214630127
#comi	4.731699466705322
#como	4.508555889129639
#comp	5.019381523132324
#conf	3.7200984954833984
#cons	4.172083854675293
#cont	2.454432249069214
#conv	4.508555889129639
#coor	4.731699466705322
#coun	5.019381523132324
#cour	5.019381523132324
#cove	5.424846649169922
#crob	5.424846649169922
#cros	4.326234340667725
#crou	5.424846649169922
#crun	5.019381523132324
#cted	5.424846649169922
#ctfu	5.424846649169922
#ctic	5.424846649169922
#ctio	2.684006690979004
#ctiv	5.019381523132324
#ctor	5.019381523132324
#ctua	4.508555889129639
#curi	4.172083854675293
#curl	4.508555889129639
#cuse	5.424846649169922
#cycl	5.424846649169922
#danc	4.731699466705322
#dbye	5.424846649169922
#dded	5.424846649169922
#dden	4.731699466705322
#ddin	4.508555889129639
#ddon	2.621486186981201
#defl	5.019381523132324
#deje	5.424846649169922
#deli	3.815408706665039
#dent	4.508555889129639
#dera	2.562645673751831
#dere	5.424846649169922
#deri	5.019381523132324
#ders	2.404421806335449
#desc	5.424846649169922
#desi	4.731699466705322
#dget	4.731699466705322
#died	4.038552284240723
#dina	4.731699466705322
#ding	2.333804130554199
#dipp	5.019381523132324
#dire	5.019381523132324
#disa	3.815408706665039
#disg	4.731699466705322
#dism	5.019381523132324
#dmir	4.731699466705322
#dnes	5.019381523132324
#domi	5.424846649169922
#dons	2.621486186981201
#down	4.172083854675293
#draw	4.508555889129639
#drif	4.731699466705322
#driv	3.815408706665039
#drop	4.172083854675293
#drow	5.424846649169922
#duck	5.424846649169922
#dura	3.345405101776123
#eabl	4.731699466705322
#each	5.019381523132324
#eadi	3.920769214630127
#eady	2.48040771484375
#eakd	5.424846649169922
#eaki	5.019381523132324
#eali	5.424846649169922
#eani	3.920769214630127
#earc	4.731699466705322
#earm	5.019381523132324
#ease	4.326234340667725
#easi	4.508555889129639
#eass	4.508555889129639
#easu	2.562645673751831
#eate	4.038552284240723
#eath	3.633087158203125
#eavi	5.424846649169922
#ebra	2.716796398162842
#ecia	4.508555889129639
#ecko	5.424846649169922
#ecoi	4.038552284240723
#ecte	5.424846649169922
#ectf	5.424846649169922
#ecti	4.326234340667725
#edur	3.345405101776123
#eeab	4.731699466705322
#eeli	5.019381523132324
#eepi	3.920769214630127
#eepy	5.424846649169922
#eeti	4.038552284240723
#eeze	4.731699466705322
#effo	5.424846649169922
#efla	5.019381523132324
#eful	4.508555889129639
#egat	2.716796398162842
#egre	4.731699466705322
#ehav	3.2276220321655273
#eigh	2.311331272125244
#ejec	5.424846649169922
#elat	5.424846649169922
#elax	4.038552284240723
#elbo	5.424846649169922
#elco	4.731699466705322
#elea	4.508555889129639
#eleb	2.716796398162842
#elen	5.019381523132324
#elib	4.731699466705322
#elie	5.019381523132324
#elig	4.172083854675293
#elin	5.019381523132324
#elle	4.731699466705322
#elli	3.1735548973083496
#emba	5.019381523132324
#emen	3.4789364337921143
#emor	4.731699466705322
#emot	1.9591107368469238
#empt	5.019381523132324
#ench	5.019381523132324
#enco	5.019381523132324
#ende	5.019381523132324
#endi	4.731699466705322
#endl	5.424846649169922
#endo	1.3305020332336426
#ened	4.508555889129639
#ener	1.227644681930542
#enga	5.019381523132324
#engt	5.019381523132324
#enin	3.1222615242004395
#ense	2.982499599456787
#ensu	4.508555889129639
#enti	4.172083854675293
#entl	2.2261734008789062
#ents	5.424846649169922
#epea	5.019381523132324
#epel	4.731699466705322
#epet	5.019381523132324
#epin	3.920769214630127
#eppi	5.019381523132324
#erat	2.48040771484375
#erci	4.326234340667725
#ered	3.553044557571411
#eres	4.731699466705322
#erfo	5.424846649169922
#erge	2.0404562950134277
#ergy	1.227644681930542
#erhe	5.424846649169922
#erin	4.326234340667725
#erki	5.019381523132324
#erna	4.731699466705322
#ernu	5.424846649169922
#erob	5.424846649169922
#erri	5.019381523132324
#ersa	5.019381523132324
#erso	4.731699466705322
#ervo	4.731699466705322
#eryt	5.424846649169922
#esce	5.424846649169922
#esen	4.731699466705322
#esir	4.731699466705322
#espe	5.424846649169922
#esse	4.731699466705322
#essi	4.172083854675293
#este	4.731699466705322
#esti	5.424846649169922
#estl	4.731699466705322
#estr	4.508555889129639
#estu	4.508555889129639
#ethe	4.731699466705322
#ethi	5.424846649169922
#etic	2.0404562950134277
#etin	3.7200984954833984
#etit	5.019381523132324
#ettl	3.1222615242004395
#eutr	4.038552284240723
#ever	4.508555889129639
#evou	5.424846649169922
#ewel	5.424846649169922
#exag	5.424846649169922
#exci	4.731699466705322
#exer	4.326234340667725
#exha	5.019381523132324
#expa	5.019381523132324
#expl	2.982499599456787
#expr	4.731699466705322
#exte	5.019381523132324
#exul	5.019381523132324
#fall	4.508555889129639
#fare	5.424846649169922
#fect	4.731699466705322
#ferr	5.019381523132324
#fest	5.424846649169922
#ffec	4.731699466705322
#ffor	5.424846649169922
#fide	4.508555889129639
#fidg	4.731699466705322
#figu	4.508555889129639
#find	5.019381523132324
#fing	4.731699466705322
#flai	5.424846649169922
#flat	5.019381523132324
#flin	4.731699466705322
#flip	5.424846649169922
#flus	5.019381523132324
#flyi	4.326234340667725
#focu	5.424846649169922
#fold	4.172083854675293
#foll	4.508555889129639
#foot	4.731699466705322
#fore	5.019381523132324
#form	5.019381523132324
#fort	5.424846649169922
#forw	3.4099435806274414
#free	4.731699466705322
#frie	5.424846649169922
#fron	4.731699466705322
#fted	4.326234340667725
#ften	5.019381523132324
#ftin	2.2261734008789062
#fusi	4.731699466705322
#gage	5.019381523132324
#gami	5.424846649169922
#gang	5.019381523132324
#gath	4.731699466705322
#gati	2.716796398162842
#gent	2.246792793273926
#gera	5.424846649169922
#gers	4.731699466705322
#gest	4.508555889129639
#geth	4.731699466705322
#geti	1.9908593893051147
#gger	5.424846649169922
#ggin	5.424846649169922
#ggre	5.424846649169922
#ghin	4.731699466705322
#ghte	3.920769214630127
#ghti	4.731699466705322
#ging	2.899117946624756
#gjac	5.424846649169922
#gnam	5.019381523132324
#good	5.424846649169922
#grat	5.424846649169922
#gree	3.4099435806274414
#gres	5.424846649169922
#gret	4.731699466705322
#groo	3.633087158203125
#grou	4.731699466705322
#gthe	5.019381523132324
#guar	4.172083854675293
#guid	5.424846649169922
#gure	4.508555889129639
#gust	4.731699466705322
#haki	4.326234340667725
#hale	5.019381523132324
#hand	5.424846649169922
#hang	4.172083854675293
#hank	5.424846649169922
#hant	5.019381523132324
#hapi	4.731699466705322
#harp	5.019381523132324
#hate	4.731699466705322
#havi	3.2276220321655273
#hdra	4.731699466705322
#head	5.424846649169922
#heig	4.172083854675293
#heni	5.019381523132324
#here	5.019381523132324
#hern	5.019381523132324
#hful	5.019381523132324
#hhol	5.424846649169922
#hiev	5.424846649169922
#hift	2.48040771484375
#hing	3.0734713077545166
#hink	3.7200984954833984
#hiph	4.731699466705322
#hlet	4.731699466705322
#hmic	3.920769214630127
#hold	5.019381523132324
#hope	5.424846649169922
#host	4.326234340667725
#houl	2.2893524169921875
#hras	5.019381523132324
#hril	4.731699466705322
#hrin	5.424846649169922
#hted	4.172083854675293
#hten	5.019381523132324
#htin	4.731699466705322
#hunc	5.424846649169922
#hurr	2.1477019786834717
#hyth	3.920769214630127
#iati	4.508555889129639
#ibca	5.424846649169922
#iber	4.731699466705322
#ical	5.424846649169922
#icid	5.424846649169922
#icke	5.424846649169922
#icku	5.424846649169922
#icto	5.019381523132324
#idde	5.424846649169922
#iden	4.508555889129639
#ider	5.019381523132324
#idge	4.731699466705322
#idin	5.019381523132324
#idle	5.424846649169922
#iend	5.424846649169922
#ient	5.019381523132324
#ievo	5.424846649169922
#ifte	4.326234340667725
#ifti	2.2261734008789062
#ifts	4.731699466705322
#ight	2.1477019786834717
#igur	4.508555889129639
#ikes	5.424846649169922
#ilab	4.508555889129639
#ilin	4.326234340667725
#ilit	5.424846649169922
#ille	4.731699466705322
#ilti	3.815408706665039
#imal	5.424846649169922
#imat	5.019381523132324
#imis	5.424846649169922
#impr	4.731699466705322
#inal	5.424846649169922
#inat	4.731699466705322
#ince	4.731699466705322
#inch	4.731699466705322
#indi	5.019381523132324
#ined	2.5916333198547363
#ing1	5.424846649169922
#inge	4.731699466705322
#ingi	3.553044557571411
#ingj	5.424846649169922
#ings	5.424846649169922
#ingy	5.424846649169922
#inim	5.424846649169922
#inki	3.345405101776123
#inks	5.424846649169922
#insi	5.424846649169922
#inte	2.8221569061279297
#inti	5.019381523132324
#intm	5.019381523132324
#inuo	5.424846649169922
#invi	4.731699466705322
#inwa	4.038552284240723
#iona	3.633087158203125
#ions	3.4789364337921143
#iosi	4.172083854675293
#iour	3.2276220321655273
#ious	4.172083854675293
#ipho	4.731699466705322
#ippe	5.019381523132324
#ippi	4.326234340667725
#irat	4.731699466705322
#irec	5.019381523132324
#irri	5.019381523132324
#isag	4.172083854675293
#isap	4.508555889129639
#isar	5.424846649169922
#isch	5.424846649169922
#ised	3.633087158203125
#isgu	4.731699466705322
#isin	3.0734713077545166
#ismi	5.019381523132324
#issi	5.019381523132324
#iste	5.424846649169922
#ists	5.019381523132324
#itat	5.019381523132324
#itch	5.424846649169922
#ited	4.731699466705322
#item	4.731699466705322
#ithd	4.731699466705322
#ithh	5.424846649169922
#itin	4.326234340667725
#itiv	2.42911434173584
#itti	4.508555889129639
#itud	5.424846649169922
#iump	5.019381523132324
#ivel	3.1735548973083496
#ivin	3.815408706665039
#izat	5.424846649169922
#jack	5.424846649169922
#jaun	5.019381523132324
#ject	5.424846649169922
#jerk	5.019381523132324
#jogg	5.424846649169922
#jump	5.019381523132324
#jutt	5.424846649169922
#karo	5.424846649169922
#kdan	5.424846649169922
#kfli	5.424846649169922
#king	2.562645673751831
#knee	5.019381523132324
#koni	5.424846649169922
#kout	4.326234340667725
#labl	4.508555889129639
#lail	5.424846649169922
#lanc	5.424846649169922
#lang	5.424846649169922
#lant	5.424846649169922
#lapp	5.424846649169922
#larm	4.731699466705322
#late	4.731699466705322
#lati	5.019381523132324
#laug	4.731699466705322
#laus	5.019381523132324
#laxe	4.508555889129639
#laxi	4.731699466705322
#layd	5.424846649169922
#layf	3.7200984954833984
#layi	4.731699466705322
#lbow	5.424846649169922
#lcom	4.731699466705322
#lded	5.019381523132324
#lder	2.2893524169921875
#ldin	4.172083854675293
#lead	3.920769214630127
#lean	3.920769214630127
#leas	4.038552284240723
#leav	5.424846649169922
#lebr	2.716796398162842
#leep	5.424846649169922
#lenc	5.019381523132324
#leng	5.019381523132324
#lent	5.019381523132324
#less	4.326234340667725
#leti	4.731699466705322
#libe	4.731699466705322
#lidd	5.424846649169922
#lief	5.019381523132324
#lift	2.9399399757385254
#ligh	4.172083854675293
#linc	4.731699466705322
#ling	2.2893524169921875
#link	5.424846649169922
#lipp	5.019381523132324
#lish	5.424846649169922
#lity	5.424846649169922
#live	3.1735548973083496
#liza	5.424846649169922
#lkin	5.019381523132324
#lled	3.7200984954833984
#llin	2.6522579193115234
#llow	4.508555889129639
#load	5.424846649169922
#loco	4.508555889129639
#logy	4.731699466705322
#long	4.731699466705322
#look	5.019381523132324
#lose	4.508555889129639
#losi	2.982499599456787
#lowb	5.424846649169922
#lowe	3.7200984954833984
#lowi	4.326234340667725
#lowl	5.019381523132324
#lswa	5.424846649169922
#ltan	5.019381523132324
#lter	4.731699466705322
#ltin	3.815408706665039
#lust	5.019381523132324
#lyin	4.326234340667725
#marc	5.019381523132324
#mate	5.019381523132324
#mbar	5.019381523132324
#meas	2.562645673751831
#meet	5.019381523132324
#ment	3.1735548973083496
#meth	5.424846649169922
#mina	5.424846649169922
#ming	4.326234340667725
#mini	5.424846649169922
#mira	4.731699466705322
#misc	5.424846649169922
#mism	5.424846649169922
#miss	5.019381523132324
#mode	2.562645673751831
#mome	5.424846649169922
#mors	4.731699466705322
#moti	1.8984861373901367
#mour	5.424846649169922
#move	4.038552284240723
#movi	5.424846649169922
#mpac	5.424846649169922
#mpha	5.019381523132324
#mpin	4.731699466705322
#mpos	5.424846649169922
#mpre	4.731699466705322
#mpty	5.019381523132324
#muse	4.731699466705322
#musi	5.424846649169922
#napp	4.731699466705322
#nary	4.508555889129639
#nate	4.172083854675293
#nati	4.731699466705322
#nbot	5.019381523132324
#ncas	4.326234340667725
#nced	5.019381523132324
#ncer	4.731699466705322
#nche	5.019381523132324
#nchi	4.731699466705322
#nchy	5.019381523132324
#ncin	3.4099435806274414
#ncle	5.019381523132324
#ncon	5.019381523132324
#ncoo	5.424846649169922
#ncou	5.019381523132324
#nctu	4.508555889129639
#nded	4.038552284240723
#nder	5.019381523132324
#ndid	5.424846649169922
#ndin	3.026951313018799
#ndly	5.424846649169922
#ndor	1.3305020332336426
#ndup	5.424846649169922
#neel	5.019381523132324
#nega	2.716796398162842
#nerg	1.227644681930542
#nerv	4.731699466705322
#ness	4.326234340667725
#neut	4.038552284240723
#nfid	4.508555889129639
#nfol	5.019381523132324
#nfro	4.731699466705322
#nfus	4.731699466705322
#ngag	5.019381523132324
#nger	4.731699466705322
#ngin	3.026951313018799
#ngja	5.424846649169922
#ngna	5.019381523132324
#ngth	5.019381523132324
#ngua	4.731699466705322
#ngui	5.424846649169922
#nhur	2.1477019786834717
#nima	5.424846649169922
#ning	2.7506980895996094
#nkin	3.345405101776123
#nnoy	5.019381523132324
#nodd	4.508555889129639
#nort	5.019381523132324
#noya	5.019381523132324
#nres	4.731699466705322
#nrol	5.424846649169922
#nsci	5.424846649169922
#nset	4.731699466705322
#nsfe	4.731699466705322
#nsid	5.019381523132324
#nsis	5.424846649169922
#nsiv	5.019381523132324
#nsol	4.731699466705322
#nsua	4.508555889129639
#nsur	5.424846649169922
#ntac	4.731699466705322
#ntai	2.716796398162842
#ntat	4.731699466705322
#nted	5.424846649169922
#nten	2.899117946624756
#nter	4.326234340667725
#ntim	5.019381523132324
#ntin	4.508555889129639
#ntio	4.508555889129639
#ntiv	5.019381523132324
#ntle	2.2261734008789062
#ntme	5.019381523132324
#ntro	4.508555889129639
#nuou	5.424846649169922
#nver	5.019381523132324
#nvin	5.019381523132324
#nvit	4.731699466705322
#nwar	4.038552284240723
#nwou	5.424846649169922
#nxio	4.731699466705322
#oadi	5.424846649169922
#obat	5.424846649169922
#obbi	5.019381523132324
#obic	5.424846649169922
#ocat	5.424846649169922
#oced	3.345405101776123
#ocki	4.172083854675293
#ocom	4.508555889129639
#ocus	5.424846649169922
#odby	5.424846649169922
#oddi	4.508555889129639
#oder	2.562645673751831
#odie	4.038552284240723
#ofte	5.019381523132324
#oget	4.731699466705322
#oggi	5.424846649169922
#oili	5.424846649169922
#oint	5.019381523132324
#okar	5.424846649169922
#okin	5.424846649169922
#olde	5.019381523132324
#oldi	4.172083854675293
#olle	4.508555889129639
#olli	4.731699466705322
#ollo	4.508555889129639
#olog	4.731699466705322
#omen	5.424846649169922
#omet	5.424846649169922
#omin	4.508555889129639
#omot	4.508555889129639
#ompa	5.424846649169922
#ompo	5.424846649169922
#onal	4.508555889129639
#onar	4.508555889129639
#onat	4.731699466705322
#onfi	4.508555889129639
#onfr	4.731699466705322
#onfu	4.731699466705322
#ongi	4.731699466705322
#onin	5.424846649169922
#onsc	5.424846649169922
#onsi	5.019381523132324
#onso	4.731699466705322
#onta	2.5344748497009277
#onte	5.424846649169922
#onti	5.424846649169922
#ontr	4.508555889129639
#onve	5.019381523132324
#onvi	5.019381523132324
#oodb	5.424846649169922
#ooka	5.424846649169922
#ooki	5.424846649169922
#oord	4.731699466705322
#oote	5.424846649169922
#ootw	5.019381523132324
#oove	3.633087158203125
#opef	5.424846649169922
#open	3.2276220321655273
#oppi	4.172083854675293
#opti	5.424846649169922
#orbe	5.424846649169922
#ordi	4.731699466705322
#orea	5.019381523132324
#orio	5.424846649169922
#orki	4.731699466705322
#orko	4.326234340667725
#orma	5.424846649169922
#orry	4.731699466705322
#orse	4.731699466705322
#ortf	5.424846649169922
#orth	5.019381523132324
#orti	5.019381523132324
#orwa	3.4099435806274414
#osed	4.326234340667725
#osef	5.424846649169922
#osin	5.019381523132324
#osit	2.333804130554199
#osiv	2.982499599456787
#ossi	4.326234340667725
#osti	4.326234340667725
#ostu	3.553044557571411
#otat	5.019381523132324
#otec	5.019381523132324
#oted	5.424846649169922
#othe	5.019381523132324
#otio	1.8984861373901367
#otwo	5.019381523132324
#ouch	5.424846649169922
#ould	2.2893524169921875
#ounc	3.345405101776123
#ound	3.553044557571411
#ount	5.019381523132324
#oura	5.019381523132324
#ourc	4.172083854675293
#ourn	5.424846649169922
#ousl	5.424846649169922
#ousn	4.731699466705322
#outi	4.172083854675293
#outw	5.019381523132324
#oval	4.326234340667725
#ovem	4.038552284240723
#over	5.019381523132324
#ovin	5.424846649169922
#ovoc	5.424846649169922
#owar	3.920769214630127
#owbu	5.424846649169922
#owed	5.019381523132324
#ower	3.7200984954833984
#owin	3.920769214630127
#owly	5.019381523132324
#ownc	4.326234340667725
#owsy	5.424846649169922
#oyan	4.731699466705322
#pact	5.424846649169922
#pans	5.019381523132324
#part	5.424846649169922
#pass	4.731699466705322
#pati	5.019381523132324
#pbea	3.1735548973083496
#peak	5.019381523132324
#peat	5.019381523132324
#pect	5.424846649169922
#pefu	5.424846649169922
#pell	4.731699466705322
#pene	5.019381523132324
#peni	3.2276220321655273
#perf	5.424846649169922
#pers	4.731699466705322
#peti	5.019381523132324
#phan	5.019381523132324
#phop	4.731699466705322
#phra	5.019381523132324
#pick	5.424846649169922
#ping	2.6522579193115234
#plan	5.424846649169922
#plau	5.019381523132324
#play	3.7200984954833984
#plea	4.731699466705322
#plos	2.982499599456787
#poin	5.019381523132324
#polo	4.731699466705322
#port	5.019381523132324
#pose	5.019381523132324
#posi	2.48040771484375
#post	3.553044557571411
#pped	5.019381523132324
#ppin	3.2276220321655273
#ppla	5.019381523132324
#ppoi	5.019381523132324
#ppor	5.019381523132324
#ppre	4.508555889129639
#ppro	4.326234340667725
#prac	5.424846649169922
#prec	4.508555889129639
#pres	3.633087158203125
#prig	5.019381523132324
#prin	5.019381523132324
#pris	4.326234340667725
#proc	3.284780502319336
#prot	5.019381523132324
#prov	4.172083854675293
#ptim	5.424846649169922
#ptyi	5.019381523132324
#pull	4.038552284240723
#pump	5.424846649169922
#punc	4.038552284240723
#purp	5.424846649169922
#puzz	4.731699466705322
#pwar	4.731699466705322
#quar	3.815408706665039
#race	4.508555889129639
#rack	5.424846649169922
#ract	5.424846649169922
#ragi	5.019381523132324
#rail	4.731699466705322
#rain	4.508555889129639
#rais	3.7200984954833984
#rans	4.731699466705322
#rase	5.019381523132324
#rass	5.019381523132324
#rate	1.9283391237258911
#rati	4.038552284240723
#rato	4.326234340667725
#rave	2.166750192642212
#rawi	5.424846649169922
#rawn	4.731699466705322
#rbed	5.424846649169922
#rced	4.172083854675293
#rchi	4.326234340667725
#rcis	4.326234340667725
#rded	4.731699466705322
#rdin	4.172083854675293
#rdio	4.731699466705322
#reac	5.019381523132324
#reak	5.424846649169922
#real	5.424846649169922
#rear	5.019381523132324
#reas	4.508555889129639
#reat	3.633087158203125
#reci	4.508555889129639
#reco	4.038552284240723
#rect	5.019381523132324
#reea	4.731699466705322
#reet	4.326234340667725
#reez	4.731699466705322
#refu	5.424846649169922
#regr	4.731699466705322
#rela	4.038552284240723
#rele	4.172083854675293
#reli	5.019381523132324
#remo	4.731699466705322
#repe	4.038552284240723
#rese	4.731699466705322
#resp	5.424846649169922
#ress	3.815408706665039
#rest	3.7200984954833984
#rewe	5.424846649169922
#rfor	5.424846649169922
#rgen	5.424846649169922
#rget	2.0404562950134277
#rhea	5.424846649169922
#rhyt	3.920769214630127
#ribc	5.424846649169922
#rick	5.424846649169922
#ride	5.424846649169922
#ridi	5.019381523132324
#ried	2.1477019786834717
#rien	5.424846649169922
#rift	4.731699466705322
#righ	4.172083854675293
#rike	5.424846649169922
#rill	4.731699466705322
#ring	3.284780502319336
#rink	5.424846649169922
#rint	5.424846649169922
#rios	4.172083854675293
#riou	5.019381523132324
#rise	4.326234340667725
#risi	3.1735548973083496
#rist	5.019381523132324
#rita	5.019381523132324
#rium	5.019381523132324
#rivi	3.815408706665039
#rkin	4.326234340667725
#rkou	4.326234340667725
#rlin	4.508555889129639
#rmal	5.424846649169922
#rmed	4.731699466705322
#rmin	5.424846649169922
#rnat	4.731699466705322
#rned	4.731699466705322
#rnin	4.038552284240723
#rnum	5.424846649169922
#roba	5.424846649169922
#robi	5.424846649169922
#roce	3.345405101776123
#rock	4.731699466705322
#roll	4.038552284240723
#ront	4.731699466705322
#roov	3.633087158203125
#ropp	4.172083854675293
#ross	4.326234340667725
#rota	5.019381523132324
#rote	5.019381523132324
#rouc	5.424846649169922
#roun	3.633087158203125
#rout	4.172083854675293
#rova	4.326234340667725
#rovo	5.424846649169922
#rows	5.424846649169922
#rpen	5.019381523132324
#rpos	5.424846649169922
#rpri	4.326234340667725
#rras	5.019381523132324
#rrie	2.1477019786834717
#rrin	5.019381523132324
#rrit	5.019381523132324
#rrou	5.424846649169922
#rryi	4.508555889129639
#rsat	5.019381523132324
#rson	4.731699466705322
#rtfu	5.424846649169922
#rthe	5.019381523132324
#rtin	4.731699466705322
#rtle	4.508555889129639
#rubb	4.731699466705322
#ruck	5.424846649169922
#runc	5.019381523132324
#rupt	5.424846649169922
#rvou	4.731699466705322
#rwar	3.4099435806274414
#ryin	4.508555889129639
#ryth	5.424846649169922
#sadn	5.019381523132324
#sagr	4.172083854675293
#sapp	4.508555889129639
#sarm	5.424846649169922
#sati	5.019381523132324
#scen	5.424846649169922
#schi	5.424846649169922
#scio	5.424846649169922
#sear	4.731699466705322
#seat	4.326234340667725
#sefu	5.424846649169922
#seme	4.731699466705322
#sens	4.508555889129639
#sent	4.731699466705322
#sett	3.1222615242004395
#sfer	4.731699466705322
#sgus	4.731699466705322
#shak	4.326234340667725
#shap	4.731699466705322
#shar	5.019381523132324
#shfu	5.424846649169922
#shif	2.48040771484375
#shou	2.2893524169921875
#shri	5.424846649169922
#sici	5.424846649169922
#side	5.019381523132324
#sinc	5.424846649169922
#sing	2.507075786590576
#sink	4.508555889129639
#sion	4.731699466705322
#sire	4.731699466705322
#sist	5.424846649169922
#siti	2.48040771484375
#sitt	4.508555889129639
#sity	4.172083854675293
#sive	2.716796398162842
#slee	5.424846649169922
#slow	4.172083854675293
#smen	5.019381523132324
#smis	5.019381523132324
#snap	4.731699466705322
#snes	4.731699466705322
#soft	5.019381523132324
#sole	4.731699466705322
#some	5.424846649169922
#sorb	5.424846649169922
#sour	4.172083854675293
#spea	5.019381523132324
#spec	5.424846649169922
#spri	5.019381523132324
#squa	3.815408706665039
#ssed	4.731699466705322
#ssin	3.7200984954833984
#ssiv	4.172083854675293
#ssme	5.019381523132324
#ssur	4.172083854675293
#stan	3.4099435806274414
#star	4.508555889129639
#stat	4.508555889129639
#stay	4.508555889129639
#stea	2.48040771484375
#sted	4.731699466705322
#sten	5.424846649169922
#step	5.019381523132324
#ster	4.731699466705322
#stil	4.326234340667725
#stiv	5.424846649169922
#stle	4.731699466705322
#stra	4.508555889129639
#stri	4.731699466705322
#stru	5.424846649169922
#stur	3.284780502319336
#styl	5.424846649169922
#sual	4.508555889129639
#subt	2.716796398162842
#sudd	4.731699466705322
#supp	5.019381523132324
#sure	2.507075786590576
#suri	4.508555889129639
#surp	4.326234340667725
#surr	5.424846649169922
#sway	5.424846649169922
#swee	3.920769214630127
#swin	3.7200984954833984
#tact	4.731699466705322
#tain	2.716796398162842
#talk	5.019381523132324
#tanc	5.019381523132324
#tand	3.553044557571411
#tant	5.019381523132324
#tart	4.508555889129639
#tate	5.019381523132324
#tati	3.815408706665039
#tayi	4.508555889129639
#tchf	5.424846649169922
#tchy	5.424846649169922
#tead	2.48040771484375
#teas	5.424846649169922
#tect	5.019381523132324
#tefu	5.424846649169922
#tely	5.424846649169922
#teme	4.731699466705322
#tend	4.508555889129639
#tene	4.508555889129639
#tens	2.982499599456787
#tent	3.920769214630127
#tepp	5.019381523132324
#tere	4.326234340667725
#tern	4.508555889129639
#teve	4.731699466705322
#tful	5.019381523132324
#than	5.424846649169922
#thdr	4.731699466705322
#then	5.019381523132324
#ther	3.7200984954833984
#thho	5.424846649169922
#thin	3.2276220321655273
#thle	4.731699466705322
#thmi	3.920769214630127
#thri	4.731699466705322
#tica	5.424846649169922
#tien	5.019381523132324
#tigh	5.019381523132324
#tile	4.326234340667725
#tili	5.424846649169922
#tilt	3.815408706665039
#tima	5.019381523132324
#timi	5.424846649169922
#tine	4.172083854675293
#ting	1.7741883993148804
#tinu	5.424846649169922
#tion	1.5536456108093262
#tipp	4.731699466705322
#titi	5.019381523132324
#titu	5.424846649169922
#tive	1.8275343179702759
#tled	3.0734713077545166
#tles	4.326234340667725
#tlin	4.731699466705322
#tmen	5.019381523132324
#toge	4.731699466705322
#tori	5.424846649169922
#tory	4.038552284240723
#towa	3.920769214630127
#trac	5.424846649169922
#trai	4.038552284240723
#tral	4.038552284240723
#tran	4.731699466705322
#trav	2.166750192642212
#tric	5.424846649169922
#trid	5.424846649169922
#trik	5.424846649169922
#triu	5.019381523132324
#trol	4.508555889129639
#truc	5.424846649169922
#tten	4.172083854675293
#ttin	4.326234340667725
#ttle	3.284780502319336
#ttli	4.731699466705322
#tuat	4.508555889129639
#tude	5.424846649169922
#ture	3.284780502319336
#turn	3.815408706665039
#twar	5.019381523132324
#twit	5.424846649169922
#twor	5.019381523132324
#tyin	5.019381523132324
#tyli	5.424846649169922
#uals	5.424846649169922
#uard	4.172083854675293
#uare	4.038552284240723
#uari	5.019381523132324
#uati	4.508555889129639
#ubbi	4.731699466705322
#ubtl	2.716796398162842
#ucki	5.424846649169922
#udde	4.731699466705322
#ughi	4.731699466705322
#ught	4.731699466705322
#ulde	2.2893524169921875
#ulli	4.038552284240723
#ulta	5.019381523132324
#umph	5.019381523132324
#umpi	4.731699466705322
#unbo	5.019381523132324
#unce	5.424846649169922
#unch	4.172083854675293
#unci	3.4099435806274414
#uncl	5.019381523132324
#unco	4.731699466705322
#unct	4.508555889129639
#unde	4.172083854675293
#undi	4.326234340667725
#unfo	5.019381523132324
#ungu	4.731699466705322
#unhu	2.1477019786834717
#unre	4.731699466705322
#unro	5.424846649169922
#unse	4.731699466705322
#unsu	5.424846649169922
#unte	5.019381523132324
#unty	5.019381523132324
#unwo	5.424846649169922
#uous	5.424846649169922
#uoya	5.424846649169922
#upbe	3.1735548973083496
#uppo	5.019381523132324
#upri	5.019381523132324
#upro	5.424846649169922
#upwa	4.731699466705322
#urag	5.019381523132324
#ural	3.345405101776123
#urce	4.172083854675293
#ured	2.507075786590576
#urge	5.424846649169922
#urin	4.508555889129639
#urio	4.172083854675293
#urli	4.508555889129639
#urne	4.731699466705322
#urni	4.038552284240723
#urpo	5.424846649169922
#urpr	4.326234340667725
#urri	2.1477019786834717
#urro	5.424846649169922
#used	5.424846649169922
#usem	4.731699466705322
#usic	5.424846649169922
#usio	4.731699466705322
#usly	5.424846649169922
#usne	4.731699466705322
#uste	5.019381523132324
#util	5.424846649169922
#utin	4.172083854675293
#utra	4.038552284240723
#utti	5.424846649169922
#utwa	5.019381523132324
#uzzl	4.731699466705322
#vail	4.508555889129639
#vell	3.1735548973083496
#vels	2.311331272125244
#vely	3.1735548973083496
#veme	4.038552284240723
#vend	1.3305020332336426
#vere	5.424846649169922
#verh	5.424846649169922
#vers	5.019381523132324
#very	5.424846649169922
#vict	5.019381523132324
#vinc	5.019381523132324
#ving	3.553044557571411
#viou	3.2276220321655273
#vite	5.424846649169922
#viti	4.731699466705322
#voca	5.424846649169922
#vous	4.508555889129639
#wait	5.019381523132324
#want	4.731699466705322
#ward	2.716796398162842
#watc	5.424846649169922
#wavi	5.424846649169922
#wbur	5.424846649169922
#weep	3.920769214630127
#weig	2.454432249069214
#welc	4.731699466705322
#well	5.424846649169922
#were	4.038552284240723
#weri	4.731699466705322
#what	4.731699466705322
#wing	3.1222615242004395
#witc	5.424846649169922
#with	4.508555889129639
#wnca	4.326234340667725
#work	3.815408706665039
#worr	4.731699466705322
#woun	5.424846649169922
#wris	5.019381523132324
#xagg	5.424846649169922
#xcit	4.731699466705322
#xerc	4.326234340667725
#xhal	5.019381523132324
#xing	4.731699466705322
#xiou	4.731699466705322
#xpan	5.019381523132324
#xplo	2.982499599456787
#xpre	4.731699466705322
#xten	5.019381523132324
#xult	5.019381523132324
#yanc	5.019381523132324
#yant	5.424846649169922
#ycli	5.424846649169922
#ydow	5.424846649169922
#yful	3.7200984954833984
#ying	3.1735548973083496
#ylis	5.424846649169922
#ythi	5.424846649169922
#ythm	3.920769214630127
#zati	5.424846649169922
#zled	4.731699466705322
#zzle	4.731699466705322
abdominal	5.424846649169922
abdominal_crunch	5.424846649169922
abrupt	5.424846649169922
absorbed	5.424846649169922
absorbed_seated	5.424846649169922
acrobatic	5.424846649169922
acrobatic_action	5.424846649169922
action	2.7857892513275146
action_addons	3.4789364337921143
action_attention	5.424846649169922
action_backflip	5.424846649169922
action_bow	5.424846649169922
action_calm	5.019381523132324
action_caring	5.424846649169922
action_celebrate	4.731699466705322
action_crawl	5.424846649169922
action_crouch	5.424846649169922
action_disagree	5.424846649169922
action_energetic	4.508555889129639
action_focus	5.424846649169922
action_greeting	5.019381523132324
action_greeting1	5.424846649169922
action_happy	5.424846649169922
action_idle	5.424846649169922
action_jumping	5.424846649169922
action_laydown	5.424846649169922
action_locomotion	5.424846649169922
action_measured	5.424846649169922
action_sing	5.424846649169922
action_talking	5.424846649169922
action_wave	5.424846649169922
actions	3.4789364337921143
actions_applause	5.424846649169922
actions_backflip	5.424846649169922
actions_bow	5.424846649169922
actions_calm	4.508555889129639
actions_cardio	5.424846649169922
actions_celebrate	5.424846649169922
actions_disagree	5.424846649169922
actions_happy	5.424846649169922
actions_idle	5.424846649169922
actions_measured	5.424846649169922
addons	2.621486186981201
addons_actions	3.4789364337921143
addons_dance	3.1222615242004395
admiration	4.731699466705322
admiration_calm	5.424846649169922
admiration_emotion	5.019381523132324
adult	4.172083854675293
adult_beckon	5.424846649169922
adult_calm	4.731699466705322
adult_flirt	5.424846649169922
adult_measured	5.424846649169922
aerobic	5.424846649169922
aerobic_even	5.424846649169922
affection	4.731699466705322
affection_calm	5.019381523132324
affection_emotion	5.424846649169922
affectionate	4.731699466705322
affectionate_unguarded	4.731699466705322
aggressive	5.424846649169922
aggressive_stylish	5.424846649169922
agree	4.731699466705322
agree_approval	4.731699466705322
agree_nod	4.731699466705322
agreeable	4.731699466705322
agreeable_reassuring	4.731699466705322
air	5.424846649169922
air_arms	5.424846649169922
alarm	4.731699466705322
alarm_calm	5.424846649169922
alarm_emotion	5.019381523132324
alarmed	4.731699466705322
alarmed_braced	4.731699466705322
alert	4.731699466705322
along	3.4789364337921143
along_floor	5.424846649169922
alternating	4.731699466705322
alternating_arm	5.019381523132324
alternating_arms	5.424846649169922
amusement	4.731699466705322
amusement_calm	5.424846649169922
amusement_emotion	5.019381523132324
anger	4.731699466705322
anger_calm	5.019381523132324
anger_emotion	5.424846649169922
angry	4.038552284240723
angry_behaviour	5.019381523132324
angry_energetic	5.424846649169922
angry_hostile	5.424846649169922
annoyance	5.019381523132324
annoyance_emotion	5.019381523132324
anxious	4.731699466705322
anxious_calm	5.424846649169922
anxious_emotion	5.019381523132324
anxious_unsettled	4.731699466705322
apology	4.731699466705322
apology_lowered	4.731699466705322
applause	5.019381523132324
applause_celebrate	5.019381523132324
applause_hands	5.019381523132324
appreciative	4.508555889129639
appreciative_encouraging	5.424846649169922
appreciative_look	4.731699466705322
approval	4.731699466705322
approval_calm	5.019381523132324
approval_emotion	5.424846649169922
arm	3.1222615242004395
arm_dance	5.019381523132324
arm_lifting	5.424846649169922
arm_lines	5.019381523132324
arm_raising	5.019381523132324
arm_reaching	5.019381523132324
arm_small	5.019381523132324
arm_strikes	5.424846649169922
arm_sweeping	4.731699466705322
arm_unhurried	5.424846649169922
arm_waves	5.019381523132324
arm_waving	5.424846649169922
arms	2.023649215698242
arms_arms	5.019381523132324
arms_counter	5.424846649169922
arms_crossing	5.019381523132324
arms_drifting	5.424846649169922
arms_driving	4.731699466705322
arms_explosive	5.424846649169922
arms_finding	5.424846649169922
arms_flying	4.731699466705322
arms_folding	5.019381523132324
arms_going	5.019381523132324
arms_guarding	4.731699466705322
arms_hanging	4.172083854675293
arms_heavy	5.424846649169922
arms_held	5.019381523132324
arms_legs	5.019381523132324
arms_lifting	5.424846649169922
arms_lively	5.424846649169922
arms_opening	4.731699466705322
arms_pumping	5.424846649169922
arms_punching	5.424846649169922
arms_rising	4.731699466705322
arms_shaping	5.019381523132324
arms_sharpened	5.019381523132324
arms_staying	5.424846649169922
arms_steady	5.424846649169922
arms_sweeping	4.326234340667725
arms_swinging	4.326234340667725
arms_trailing	5.019381523132324
arms_uncoordinated	5.424846649169922
assured	5.019381523132324
athletic	4.731699466705322
attention	4.508555889129639
attention_arm	5.424846649169922
attention_calm	5.424846649169922
attention_head	4.731699466705322
attentive	5.019381523132324
attentive_unbothered	5.019381523132324
available	4.508555889129639
away	3.920769214630127
away_apology	4.731699466705322
away_back	5.424846649169922
away_measured	5.424846649169922
away_shoulders	5.019381523132324
away_unhurried	5.424846649169922
back	2.9399399757385254
back_explosive	5.424846649169922
back_freeze	4.731699466705322
back_hands	5.019381523132324
back_head	5.019381523132324
back_knees	5.019381523132324
back_lively	5.424846649169922
back_measured	5.019381523132324
back_nose	4.731699466705322
back_shoulders	4.508555889129639
back_small	5.019381523132324
back_staying	5.424846649169922
back_step	5.019381523132324
back_unhurried	4.731699466705322
backflip	5.424846649169922
backflip_celebrate	5.424846649169922
backflip_whole	5.424846649169922
backing	5.019381523132324
backing_dancer	5.019381523132324
balance	5.424846649169922
balance_lively	5.424846649169922
base	5.424846649169922
base_idle	5.424846649169922
bashful	5.424846649169922
bashful_warm	5.424846649169922
beat	3.920769214630127
beat_explosive	4.508555889129639
beat_fast	5.019381523132324
beat_shoulders	5.019381523132324
beckon	5.424846649169922
beckon_calm	5.424846649169922
beckoning	5.424846649169922
beckoning_behaviour	5.424846649169922
behaviour	3.2276220321655273
behaviour_breathing	5.424846649169922
behaviour_close	5.424846649169922
behaviour_hand	5.424846649169922
behaviour_hands	5.424846649169922
behaviour_head	5.019381523132324
behaviour_lifted	5.424846649169922
behaviour_lowered	5.019381523132324
behaviour_minimal	5.424846649169922
behaviour_slow	5.424846649169922
behaviour_squared	5.019381523132324
behaviour_sudden	5.019381523132324
behaviour_turn	5.424846649169922
behaviour_weight	5.424846649169922
bend	5.424846649169922
bend_pick	5.424846649169922
bending	5.424846649169922
bending_hips	5.424846649169922
bent	5.424846649169922
bent_hands	5.424846649169922
bid	5.424846649169922
bid_attention	5.424846649169922
blink	5.424846649169922
blink_head	5.424846649169922
blinks	5.424846649169922
blinks_small	5.424846649169922
blunt	4.731699466705322
blush	5.019381523132324
blush_calm	5.019381523132324
bobbing	5.019381523132324
bobbing_beat	5.019381523132324
bodied	4.038552284240723
bodied_dance	4.326234340667725
bodied_sourced	5.019381523132324
body	3.815408706665039
body_explosive	5.019381523132324
body_leaving	5.424846649169922
body_lengthening	5.424846649169922
body_long	4.731699466705322
body_rotating	5.424846649169922
body_shoulders	5.424846649169922
bounce	5.424846649169922
bounce_knees	5.424846649169922
bouncing	3.4099435806274414
bouncing_fast	5.424846649169922
bouncing_head	5.424846649169922
bouncing_hips	4.508555889129639
bouncing_knees	5.019381523132324
bouncing_measured	5.424846649169922
bouncing_surge	4.731699466705322
bouncing_unhurried	5.424846649169922
bouncing_weight	5.424846649169922
bow	5.019381523132324
bow_calm	5.424846649169922
bow_hands	5.424846649169922
bow_waist	5.424846649169922
bow_wave	5.424846649169922
bowing	4.731699466705322
bowing_hand	4.731699466705322
braced	4.508555889129639
braced_forward	5.424846649169922
breakdance	5.424846649169922
breakdance_dance	5.424846649169922
breakdance_uprock	5.424846649169922
breath	5.019381523132324
breath_leading	5.424846649169922
breath_slowing	5.424846649169922
breathe	3.7200984954833984
breathe_calm	4.508555889129639
breathe_idle	3.920769214630127
breathing	4.326234340667725
breathing_sway	4.326234340667725
brief	5.424846649169922
bright	4.508555889129639
bright_delighted	4.731699466705322
bright_warm	5.424846649169922
brisk	4.508555889129639
brisk_applause	5.424846649169922
brisk_full	5.019381523132324
brisk_rhythmic	5.424846649169922
buoyant	5.424846649169922
burn	5.424846649169922
burn_behaviour	5.424846649169922
burn_unhurried	5.424846649169922
bvh	4.731699466705322
calm	2.166750192642212
calm_available	4.508555889129639
calm_celebrate	4.731699466705322
calm_close	5.424846649169922
calm_confusion	5.424846649169922
calm_consider	5.019381523132324
calm_conversation	5.424846649169922
calm_core	5.424846649169922
calm_curiosity	4.731699466705322
calm_dance	5.424846649169922
calm_deflated	5.424846649169922
calm_disagree	5.424846649169922
calm_disgust	5.424846649169922
calm_embarrassment	5.019381523132324
calm_emotion	3.345405101776123
calm_formal	5.424846649169922
calm_gentle	3.4789364337921143
calm_idle	5.424846649169922
candid	5.424846649169922
cardio	4.731699466705322
cardio_energetic	4.731699466705322
careful	5.424846649169922
careful_slow	5.424846649169922
caring	4.731699466705322
caring_console	4.731699466705322
carrying	5.424846649169922
caught	4.731699466705322
caught_attention	4.731699466705322
celebrate	2.716796398162842
celebrate_clap	5.019381523132324
celebrate_confident	5.019381523132324
celebrate_dab	5.019381523132324
celebrate_dance	3.284780502319336
celebrate_emotion	4.172083854675293
celebrate_energetic	5.019381523132324
celebrate_excited	4.731699466705322
celebrate_gentle	5.424846649169922
celebrate_happy	4.731699466705322
celebrate_victory	5.424846649169922
celebration	4.731699466705322
celebration_arms	4.731699466705322
celebratory	4.326234340667725
cheek	5.019381523132324
cheek_unhurried	5.019381523132324
chest	2.1106605529785156
chest_bouncing	4.731699466705322
chest_driving	5.424846649169922
chest_emptying	5.019381523132324
chest_following	4.731699466705322
chest_head	5.424846649169922
chest_height	4.508555889129639
chest_lifting	4.326234340667725
chest_movement	4.731699466705322
chest_open	4.508555889129639
chest_opening	4.038552284240723
chest_proud	5.424846649169922
chest_pulling	5.019381523132324
chest_ribcage	5.424846649169922
chest_rising	5.019381523132324
chest_shoulders	4.172083854675293
chest_sinking	5.019381523132324
chest_squared	4.731699466705322
chest_staying	5.424846649169922
chest_tightened	5.019381523132324
chest_turning	5.424846649169922
chin	3.920769214630127
chin_dipping	5.424846649169922
chin_lively	5.424846649169922
chin_rising	5.424846649169922
chin_shoulder	5.424846649169922
chin_unhurried	4.508555889129639
clap	5.019381523132324
clap_energetic	5.019381523132324
clapping	5.424846649169922
clapping_front	5.424846649169922
clipped	5.019381523132324
clipped_shrug	5.019381523132324
close	5.019381523132324
close_gentle	5.424846649169922
close_small	5.424846649169922
close_unhurried	5.424846649169922
closed	4.508555889129639
closing	5.019381523132324
closing_together	5.019381523132324
cocking	4.508555889129639
cocking_hip	5.424846649169922
cocking_shoulder	4.731699466705322
cocky	5.019381523132324
cocky_punctuating	5.019381523132324
coiling	5.424846649169922
coiling_releasing	5.424846649169922
comic	4.731699466705322
comic_dance	5.424846649169922
comic_relentless	5.019381523132324
compact	5.424846649169922
compact_watchful	5.424846649169922
composed	5.424846649169922
confident	4.508555889129639
confident_emotion	5.019381523132324
confident_playful	5.019381523132324
confrontational	4.731699466705322
confusion	4.731699466705322
confusion_emotion	4.731699466705322
conscious	5.424846649169922
consider	5.019381523132324
consider_curiosity	5.019381523132324
considering	5.019381523132324
considering_inward	5.019381523132324
console	4.731699466705322
console_emotion	5.019381523132324
console_measured	5.424846649169922
contact	4.731699466705322
contact_chest	4.731699466705322
contained	2.716796398162842
contained_affectionate	5.424846649169922
contained_anxious	5.424846649169922
contained_attentive	5.424846649169922
contained_calm	5.019381523132324
contained_delighted	5.424846649169922
contained_downcast	5.019381523132324
contained_focused	5.424846649169922
contained_grounded	5.019381523132324
contained_irritated	5.424846649169922
contained_pleased	5.424846649169922
contained_present	5.424846649169922
contained_relaxed	5.019381523132324
contained_released	5.424846649169922
contained_shifting	5.019381523132324
contained_sorry	5.424846649169922
contained_still	2.716796398162842
contained_travelling	4.731699466705322
contained_unhurried	5.019381523132324
contained_unwound	5.424846649169922
content	5.424846649169922
content_buoyant	5.424846649169922
continuously	5.424846649169922
continuously_explosive	5.424846649169922
controlled	4.508555889129639
conversation	5.019381523132324
conversation_gentle	5.424846649169922
conversation_gesture	5.424846649169922
conversational	5.424846649169922
conversational_gesture	5.424846649169922
coordinated	5.019381523132324
coordinated_steps	5.019381523132324
core	5.019381523132324
core_crunch	5.019381523132324
count	5.424846649169922
count_fast	5.424846649169922
counter	5.019381523132324
counter_rotating	5.424846649169922
counter_swinging	5.424846649169922
covered	5.424846649169922
covered_face	5.424846649169922
crawl	5.424846649169922
crawl_along	5.424846649169922
crawl_energetic	5.424846649169922
crossing	4.326234340667725
crossing_arm	5.424846649169922
crossing_head	5.019381523132324
crossing_low	5.019381523132324
crouch	5.424846649169922
crouch_knees	5.424846649169922
crouch_low	5.424846649169922
crunch	5.019381523132324
crunch_energetic	5.424846649169922
crunch_exercise	5.424846649169922
crunch_shoulders	5.424846649169922
crunches	5.424846649169922
crunches_torso	5.424846649169922
curiosity	4.172083854675293
curiosity_emotion	4.731699466705322
curiosity_gentle	4.731699466705322
curious	5.424846649169922
curious_unhurried	5.424846649169922
curling	4.508555889129639
curling_floor	5.424846649169922
curling_inward	5.424846649169922
curling_releasing	5.424846649169922
curling_unhurried	5.424846649169922
cycling	5.424846649169922
cycling_arms	5.424846649169922
dab	5.019381523132324
dab_arm	5.019381523132324
dab_dance	5.019381523132324
dance	2.6522579193115234
dance_breakdance	5.424846649169922
dance_calm	5.424846649169922
dance_celebrate	3.815408706665039
dance_comic	5.424846649169922
dance_dance	4.038552284240723
dance_energetic	2.716796398162842
dance_flailing	5.424846649169922
dance_gentle	5.424846649169922
dance_groove	5.424846649169922
dance_hips	4.326234340667725
dance_musicidle	5.424846649169922
dance_nod	3.920769214630127
dance_run	5.019381523132324
dancer	5.019381523132324
dancer_routine	5.019381523132324
deflated	5.019381523132324
deflated_disappointment	5.019381523132324
deflating	5.019381523132324
deflating_drop	5.019381523132324
dejected	5.424846649169922
dejected_standing	5.424846649169922
deliberate	5.019381523132324
deliberately	5.424846649169922
deliberately_silly	5.424846649169922
delighted	4.172083854675293
delighted_playful	4.731699466705322
descending	5.424846649169922
descending_body	5.424846649169922
desire	4.731699466705322
desire_emotion	4.731699466705322
dipping	5.019381523132324
dipping_gaze	5.424846649169922
dipping_hands	5.424846649169922
direct	5.019381523132324
direct_sourced	5.019381523132324
disagree	4.172083854675293
disagree_disapproval	5.019381523132324
disagree_disgust	4.731699466705322
disagree_measured	5.424846649169922
disagree_shrug	5.424846649169922
disappointment	5.019381523132324
disappointment_emotion	5.019381523132324
disapproval	5.019381523132324
disapproval_emotion	5.019381523132324
disarming	5.424846649169922
disgust	4.731699466705322
disgust_emotion	4.731699466705322
dismissive	5.019381523132324
downcast	4.326234340667725
downcast_quiet	5.019381523132324
downcast_slow	4.731699466705322
draw	4.731699466705322
draw_inward	4.731699466705322
drawing	5.424846649169922
drawing_back	5.424846649169922
drifting	4.731699466705322
drifting_hand	5.019381523132324
drifting_outward	5.424846649169922
drill	5.424846649169922
drill_spot	5.424846649169922
driving	3.815408706665039
driving_beat	5.019381523132324
driving_continuously	5.424846649169922
driving_explosive	5.424846649169922
driving_fast	5.424846649169922
driving_forward	5.424846649169922
driving_ribs	5.424846649169922
driving_torso	5.424846649169922
driving_turn	5.424846649169922
drop	4.326234340667725
drop_crouch	5.424846649169922
drop_groove	5.019381523132324
drop_shoulders	5.019381523132324
dropping	4.172083854675293
dropping_arms	5.019381523132324
dropping_chest	5.019381523132324
dropping_hands	5.424846649169922
dropping_spine	5.424846649169922
drowsy	5.424846649169922
drowsy_sag	5.424846649169922
ducking	5.424846649169922
ducking_shoulders	5.424846649169922
ears	4.731699466705322
ears_measured	5.019381523132324
ears_unhurried	5.424846649169922
easing	5.424846649169922
easing_whole	5.424846649169922
easy	4.508555889129639
easy_hands	4.508555889129639
effortful	5.424846649169922
effortful_controlled	5.424846649169922
eight	5.424846649169922
eight_hips	5.424846649169922
eighting	4.731699466705322
eighting_slow	5.424846649169922
eighting_weight	5.019381523132324
elated	5.424846649169922
elated_victorious	5.424846649169922
elbows	5.424846649169922
elbows_driving	5.424846649169922
embarrassment	5.019381523132324
embarrassment_emotion	5.424846649169922
embarrassment_gentle	5.424846649169922
emotion	1.9591107368469238
emotion_energetic	3.553044557571411
emotion_excitement	5.424846649169922
emotion_fear	4.731699466705322
emotion_fidget	4.731699466705322
emotion_gentle	3.0734713077545166
emotion_gratitude	5.424846649169922
emotion_hopeful	5.424846649169922
emotion_interest	5.424846649169922
emotion_irritated	5.019381523132324
emotion_laugh	5.424846649169922
emotion_longing	5.424846649169922
emotion_love	5.424846649169922
emotion_low	4.326234340667725
emotion_measured	3.633087158203125
emptying	5.019381523132324
emptying_head	5.019381523132324
encouraging	5.019381523132324
energetic	2.0404562950134277
energetic_abrupt	5.424846649169922
energetic_excitement	5.019381523132324
energetic_exercise	4.508555889129639
energetic_explosive	3.1735548973083496
energetic_fast	3.2276220321655273
energetic_groove	4.731699466705322
energetic_happy	5.019381523132324
energetic_high	3.553044557571411
energy	1.227644681930542
energy_hiphop	4.731699466705322
energy_hop	5.019381523132324
energy_hostile	5.019381523132324
energy_intense	3.0734713077545166
energy_joy	4.731699466705322
energy_latin	5.424846649169922
energy_lively	3.4789364337921143
energy_longing	5.424846649169922
energy_meme	5.424846649169922
energy_mourning	5.424846649169922
energy_music	4.172083854675293
energy_negative	3.284780502319336
energy_neutral	4.038552284240723
energy_nod	5.019381523132324
energy_party	4.731699466705322
energy_patient	5.019381523132324
energy_playful	4.731699466705322
energy_positive	3.345405101776123
energy_posture	3.815408706665039
energy_procedural	4.326234340667725
energy_puzzled	5.424846649169922
energy_quick	5.019381523132324
energy_relax	5.424846649169922
energy_respect	5.424846649169922
energy_scan	5.424846649169922
energy_seated	5.424846649169922
energy_shy	5.019381523132324
energy_sleepy	5.424846649169922
energy_speak	5.424846649169922
energy_startle	5.019381523132324
energy_thinking	4.731699466705322
energy_unhurried	5.424846649169922
engaged	5.019381523132324
engaged_expressive	5.019381523132324
even	4.172083854675293
even_arms	4.508555889129639
even_walk	5.424846649169922
everything	5.424846649169922
everything_unhurried	5.424846649169922
exaggerated	5.424846649169922
exaggerated_head	5.424846649169922
excited	4.731699466705322
excited_happy	4.731699466705322
excitement	4.731699466705322
excitement_explosive	5.424846649169922
excitement_high	5.424846649169922
excitement_measured	5.424846649169922
exercise	4.326234340667725
exercise_explosive	4.731699466705322
exercise_fast	5.424846649169922
exercise_gentle	5.424846649169922
exercise_jumping	5.424846649169922
exhale	5.019381523132324
exhale_unclenching	5.019381523132324
expansive	5.019381523132324
expansive_stance	5.019381523132324
explosive	2.982499599456787
explosive_aerobic	5.424846649169922
explosive_agreeable	5.424846649169922
explosive_brisk	4.731699466705322
explosive_comic	5.424846649169922
explosive_delighted	5.424846649169922
explosive_gangnam	5.019381523132324
explosive_high	3.0734713077545166
explosive_jaunty	5.424846649169922
explosive_low	5.424846649169922
explosive_quick	5.424846649169922
explosive_sensual	5.424846649169922
explosive_shifting	4.508555889129639
explosive_showy	5.424846649169922
explosive_thrilled	5.424846649169922
explosive_travelling	4.731699466705322
explosive_urgent	5.424846649169922
explosive_warm	5.424846649169922
expressive	4.731699466705322
expressive_carrying	5.424846649169922
extending	5.019381523132324
extending_fast	5.424846649169922
extending_lively	5.424846649169922
exultant	5.019381523132324
exultant_open	5.019381523132324
eye	4.731699466705322
eye_contact	4.731699466705322
eyes	5.424846649169922
eyes_leading	5.424846649169922
face	4.038552284240723
face_head	5.424846649169922
face_other	5.019381523132324
face_shoulders	5.424846649169922
face_torso	4.731699466705322
falling	4.508555889129639
falling_back	5.019381523132324
falling_small	5.019381523132324
farewell	5.424846649169922
farewell_goodbye	5.424846649169922
fast	2.982499599456787
fast_bright	5.424846649169922
fast_confident	5.424846649169922
fast_footwork	5.424846649169922
fast_full	5.019381523132324
fast_goofy	5.424846649169922
fast_groove	4.508555889129639
fast_happy	5.424846649169922
fast_high	3.4789364337921143
fast_loose	5.424846649169922
fast_low	5.424846649169922
fast_pleased	5.424846649169922
fast_provocative	5.424846649169922
fast_retro	5.424846649169922
fast_rhythmic	5.424846649169922
fast_sensual	5.424846649169922
fast_shifting	4.508555889129639
fast_travelling	4.508555889129639
fast_triumphant	5.424846649169922
fear	4.731699466705322
fear_gentle	5.424846649169922
fear_measured	5.019381523132324
feet	3.7200984954833984
feet_arms	5.019381523132324
feet_fast	4.731699466705322
feet_lively	5.019381523132324
feet_planted	5.424846649169922
feet_stepping	5.019381523132324
festive	5.424846649169922
festive_quick	5.424846649169922
fidget	4.731699466705322
fidget_gentle	5.424846649169922
fidget_low	5.424846649169922
fidget_measured	5.424846649169922
fidgeting	4.731699466705322
fidgeting_hands	4.731699466705322
figure	4.508555889129639
figure_eight	5.424846649169922
figure_eighting	4.731699466705322
figure_hips	5.019381523132324
final	5.424846649169922
finding	5.019381523132324
finding_balance	5.424846649169922
finding_user	5.424846649169922
fingers	4.731699466705322
fingers_worrying	4.731699466705322
firm	5.019381523132324
firm_head	5.019381523132324
fist	5.424846649169922
fist_pump	5.424846649169922
fists	4.731699466705322
fists_tight	4.731699466705322
fixed	5.424846649169922
fixed_forward	5.424846649169922
flailing	5.424846649169922
flailing_arms	5.424846649169922
flinch	4.731699466705322
flinch_back	4.731699466705322
flirt	5.424846649169922
flirt_behaviour	5.424846649169922
flirt_measured	5.424846649169922
floor	3.0734713077545166
floor_affectionate	5.424846649169922
floor_aggressive	5.424846649169922
floor_comic	5.424846649169922
floor_expressive	5.424846649169922
floor_exultant	5.424846649169922
floor_knees	5.019381523132324
floor_lively	5.424846649169922
floor_loose	5.019381523132324
floor_moody	5.424846649169922
floor_reassuring	5.424846649169922
floor_relaxed	5.019381523132324
floor_showy	5.424846649169922
floor_slow	4.731699466705322
floor_sorry	5.424846649169922
floor_weight	5.424846649169922
flustered	5.019381523132324
flustered_self	5.424846649169922
flustered_turn	5.424846649169922
flying	4.326234340667725
flying_chest	4.731699466705322
flying_measured	5.424846649169922
flying_unhurried	5.424846649169922
focus	5.424846649169922
focus_gaming	5.424846649169922
focused	5.424846649169922
focused_twitchy	5.424846649169922
folded	5.019381523132324
folded_arms	5.019381523132324
folding	4.508555889129639
folding_hips	5.424846649169922
folding_inward	5.424846649169922
folding_unfolding	5.019381523132324
following	4.508555889129639
following_hands	4.731699466705322
following_late	5.424846649169922
fond	5.424846649169922
fond_final	5.424846649169922
foot	4.326234340667725
foot_arms	5.019381523132324
foot_fingers	4.731699466705322
foot_foot	4.731699466705322
footed	5.424846649169922
footed_jump	5.424846649169922
footwork	5.019381523132324
footwork_crossing	5.424846649169922
footwork_steady	5.424846649169922
forearms	5.019381523132324
forearms_turning	5.424846649169922
forearms_working	5.424846649169922
formal	5.424846649169922
formal_bow	5.424846649169922
formal_gentle	5.424846649169922
forward	3.4099435806274414
forward_arms	5.424846649169922
forward_chest	4.731699466705322
forward_explosive	5.424846649169922
forward_fast	5.424846649169922
forward_jab	4.731699466705322
forward_leaning	5.424846649169922
forward_looking	5.424846649169922
forward_shoulders	5.424846649169922
forward_small	5.424846649169922
forward_weight	5.019381523132324
freeze	4.731699466705322
freeze_arms	4.731699466705322
friendly	5.424846649169922
friendly_welcoming	5.424846649169922
front	5.424846649169922
front_chest	5.424846649169922
full	3.633087158203125
full_backflip	5.424846649169922
full_bodied	4.038552284240723
full_run	5.424846649169922
full_turn	5.019381523132324
gaming	5.424846649169922
gaming_loop	5.424846649169922
gaming_low	5.424846649169922
gangnam	5.019381523132324
gangnam_high	5.019381523132324
gangnam_horse	5.019381523132324
gather	4.731699466705322
gather_hands	4.731699466705322
gaze	4.172083854675293
gaze_drifting	5.019381523132324
gaze_finding	5.424846649169922
gaze_holding	5.424846649169922
gaze_shoulders	5.019381523132324
gentle	2.26784610748291
gentle_gesture	5.424846649169922
gentle_greeting	4.326234340667725
gentle_grief	5.424846649169922
gentle_groove	5.424846649169922
gentle_happy	5.424846649169922
gentle_hostile	5.019381523132324
gentle_idle	4.731699466705322
gentle_interest	5.019381523132324
gentle_intimate	5.019381523132324
gentle_invite	5.424846649169922
gentle_laugh	5.424846649169922
gentle_lookaround	5.424846649169922
gentle_love	5.019381523132324
gentle_low	2.982499599456787
gentle_pat	5.424846649169922
gesture	4.508555889129639
gesture_arms	5.424846649169922
gesture_chest	5.424846649169922
gesture_low	5.424846649169922
gesture_measured	5.424846649169922
gesture_run	5.424846649169922
going	5.019381523132324
going_slack	5.019381523132324
goodbye	5.424846649169922
goodbye_measured	5.424846649169922
goofy	5.424846649169922
goofy_disarming	5.424846649169922
grateful	5.424846649169922
grateful_sincere	5.424846649169922
gratitude	5.424846649169922
gratitude_measured	5.424846649169922
greeting	4.326234340667725
greeting1	5.424846649169922
greeting1_bvh	5.424846649169922
greeting_bvh	5.424846649169922
greeting_hello	4.508555889129639
greeting_lifted	5.019381523132324
greeting_low	5.424846649169922
greeting_open	5.424846649169922
greeting_wave	5.019381523132324
grief	5.424846649169922
grief_low	5.424846649169922
groove	3.633087158203125
groove_bouncing	5.019381523132324
groove_head	5.019381523132324
groove_high	4.038552284240723
groove_low	5.424846649169922
groove_measured	5.424846649169922
grounded	4.731699466705322
grounded_still	5.019381523132324
guarding	4.731699466705322
guarding_chest	4.731699466705322
half	4.508555889129639
half_raised	4.731699466705322
half_turn	5.424846649169922
hand	3.4789364337921143
hand_arm	5.019381523132324
hand_curling	5.424846649169922
hand_face	5.424846649169922
hand_head	4.731699466705322
hand_rising	4.508555889129639
hand_rubbing	4.731699466705322
handed	5.424846649169922
handed_wave	5.424846649169922
hands	2.507075786590576
hands_clapping	5.424846649169922
hands_flying	5.019381523132324
hands_head	4.731699466705322
hands_heart	4.731699466705322
hands_hips	5.019381523132324
hands_knees	5.424846649169922
hands_loose	4.508555889129639
hands_meeting	5.019381523132324
hands_moving	5.424846649169922
hands_opening	4.731699466705322
hands_pressing	5.019381523132324
hands_relaxing	4.731699466705322
hands_rising	4.731699466705322
hands_spine	5.424846649169922
hands_still	4.731699466705322
hands_together	5.424846649169922
hands_weight	4.731699466705322
hands_working	5.424846649169922
hanging	4.172083854675293
hanging_measured	5.424846649169922
hanging_small	4.326234340667725
happy	3.633087158203125
happy_behaviour	5.424846649169922
happy_high	4.731699466705322
happy_idle	5.424846649169922
happy_joy	5.424846649169922
happy_standing	5.424846649169922
head	1.9133012294769287
head_bobbing	5.019381523132324
head_bowing	4.731699466705322
head_cocking	4.731699466705322
head_dipping	5.424846649169922
head_drop	5.019381523132324
head_dropping	4.731699466705322
head_ducking	5.424846649169922
head_falling	5.019381523132324
head_fast	5.019381523132324
head_fixed	5.424846649169922
head_forward	4.731699466705322
head_head	4.508555889129639
head_high	4.731699466705322
head_jerking	5.019381523132324
head_lively	5.424846649169922
head_low	5.424846649169922
head_lowering	5.019381523132324
head_nodding	4.508555889129639
head_pulling	5.019381523132324
head_punctuating	5.019381523132324
head_rising	5.424846649169922
head_rounded	5.019381523132324
head_shake	5.019381523132324
head_shaking	5.019381523132324
head_snapping	4.731699466705322
head_tilt	4.731699466705322
head_tilting	3.815408706665039
head_tipping	4.731699466705322
head_tracking	5.424846649169922
head_turning	4.731699466705322
head_turns	5.019381523132324
head_unhurried	5.019381523132324
heart	4.731699466705322
heart_chest	4.731699466705322
heavy	4.731699466705322
heavy_lidded	5.424846649169922
heavy_small	5.424846649169922
height	4.172083854675293
height_elbows	5.424846649169922
height_explosive	5.424846649169922
height_measured	5.424846649169922
height_torso	5.019381523132324
height_unhurried	5.424846649169922
held	4.172083854675293
held_eye	4.731699466705322
held_high	5.019381523132324
held_victory	5.424846649169922
hello	4.508555889129639
hello_low	4.508555889129639
high	2.00711989402771
high_chest	5.019381523132324
high_energy	2.0404562950134277
high_explosive	5.424846649169922
high_lively	5.424846649169922
high_measured	5.424846649169922
high_tempo	5.424846649169922
high_wrist	5.424846649169922
hinging	5.019381523132324
hinging_arm	5.424846649169922
hinging_forward	5.424846649169922
hip	4.731699466705322
hip_chin	5.424846649169922
hip_hop	5.019381523132324
hiphop	4.731699466705322
hiphop_intense	5.424846649169922
hiphop_party	5.019381523132324
hips	2.621486186981201
hips_chest	5.019381523132324
hips_descending	5.424846649169922
hips_driving	4.508555889129639
hips_figure	4.731699466705322
hips_hinging	5.424846649169922
hips_knees	5.424846649169922
hips_leading	4.326234340667725
hips_lifting	5.424846649169922
hips_settled	4.508555889129639
hips_settling	4.731699466705322
hips_shoulders	5.424846649169922
hips_sinking	5.424846649169922
hips_small	5.424846649169922
hips_swinging	4.731699466705322
hips_unhurried	5.424846649169922
holding	5.424846649169922
holding_measured	5.424846649169922
holds	5.424846649169922
holds_breath	5.424846649169922
hop	4.508555889129639
hop_groove	5.019381523132324
hop_intense	5.424846649169922
hop_jump	5.424846649169922
hopeful	5.424846649169922
hopeful_forward	5.424846649169922
hopeful_measured	5.424846649169922
horse	5.019381523132324
horse_riding	5.019381523132324
hostile	4.326234340667725
hostile_lively	5.019381523132324
hostile_low	4.731699466705322
hot	4.326234340667725
hot_closed	5.019381523132324
hot_confrontational	4.731699466705322
hunched	5.424846649169922
hunched_head	5.424846649169922
idea	5.424846649169922
idle	2.982499599456787
idle_behaviour	5.424846649169922
idle_happy	5.424846649169922
idle_idle	5.019381523132324
idle_kneel	5.019381523132324
idle_lay	4.731699466705322
idle_low	3.284780502319336
idle_measured	5.424846649169922
idle_micro	5.019381523132324
idle_sad	5.424846649169922
idle_sit	4.508555889129639
idle_waiting	5.019381523132324
impressed	4.731699466705322
insistent	5.424846649169922
insistent_playful	5.424846649169922
intense	2.982499599456787
intense_jog	5.019381523132324
intense_jump	5.424846649169922
intense_jumping	5.019381523132324
intense_latin	4.731699466705322
intense_laugh	5.424846649169922
intense_locomotion	5.019381523132324
intense_meme	5.019381523132324
intense_music	5.019381523132324
intense_nod	5.424846649169922
intense_party	4.731699466705322
intense_positive	4.731699466705322
intent	5.424846649169922
interest	4.731699466705322
interest_lean	4.731699466705322
interested	4.731699466705322
interested_alert	4.731699466705322
intimate	5.019381523132324
intimate_behaviour	5.424846649169922
intimate_low	5.019381523132324
invite	5.424846649169922
invite_low	5.424846649169922
inviting	4.731699466705322
inviting_unhurried	5.424846649169922
inward	4.038552284240723
inward_chest	5.424846649169922
inward_held	4.731699466705322
inward_sourced	5.019381523132324
inward_torso	5.424846649169922
irritated	5.019381523132324
irritated_dismissive	5.019381523132324
irritated_low	5.424846649169922
irritated_measured	5.424846649169922
jab	4.731699466705322
jab_shoulders	4.731699466705322
jacks	5.019381523132324
jacks_arms	5.019381523132324
jacks_bvh	5.424846649169922
jacks_reps	5.019381523132324
jaunty	5.019381523132324
jaunty_repetitive	5.019381523132324
jerking	5.019381523132324
jerking_hands	5.019381523132324
jog	5.019381523132324
jog_knees	5.424846649169922
jog_locomotion	5.424846649169922
jog_vendor	5.424846649169922
jogging	5.424846649169922
jogging_drill	5.424846649169922
joy	4.508555889129639
joy_lively	5.019381523132324
joy_low	5.424846649169922
joy_positive	5.424846649169922
jump	5.019381523132324
jump_knees	5.424846649169922
jump_legs	5.424846649169922
jump_lively	5.424846649169922
jump_vendor	5.424846649169922
jumping	5.019381523132324
jumping_jacks	5.019381523132324
jumpingjacks	5.424846649169922
jumpingjacks_vrma	5.424846649169922
jutting	5.424846649169922
jutting_explosive	5.424846649169922
kneel	5.019381523132324
kneel_kneeling	5.019381523132324
kneeling	5.019381523132324
kneeling_low	5.019381523132324
kneeling_rest	5.019381523132324
knees	3.284780502319336
knees_alternating	5.019381523132324
knees_arms	5.424846649169922
knees_bending	5.424846649169922
knees_bent	5.424846649169922
knees_bouncing	4.508555889129639
knees_counter	5.424846649169922
knees_cycling	5.424846649169922
knees_exaggerated	5.424846649169922
knees_folding	5.424846649169922
knees_hips	5.424846649169922
knees_lifting	5.424846649169922
knees_loading	5.424846649169922
languid	5.424846649169922
languid_deliberate	5.424846649169922
lap	4.508555889129639
lap_small	4.508555889129639
late	5.424846649169922
late_unhurried	5.424846649169922
latin	4.508555889129639
latin_music	4.731699466705322
latin_party	5.424846649169922
laugh	4.731699466705322
laugh_low	5.019381523132324
laugh_playful	5.424846649169922
laughing	4.731699466705322
laughing_rock	4.731699466705322
lay	4.731699466705322
lay_idle	4.731699466705322
lay_lay	4.731699466705322
lay_laying	4.731699466705322
laydown	5.424846649169922
laydown_low	5.424846649169922
laying	4.731699466705322
laying_low	4.731699466705322
leading	3.920769214630127
leading_arms	4.326234340667725
leading_chin	5.424846649169922
leading_everything	5.424846649169922
leading_torso	5.424846649169922
lean	3.815408706665039
lean_low	5.019381523132324
lean_measured	5.424846649169922
lean_thinking	4.172083854675293
lean_toward	4.731699466705322
leaning	3.920769214630127
leaning_explosive	5.424846649169922
leaning_measured	4.731699466705322
leaning_open	5.424846649169922
leaning_small	5.424846649169922
leaning_unhurried	5.019381523132324
leaving	5.424846649169922
leaving_floor	5.424846649169922
legs	4.508555889129639
legs_alternating	5.424846649169922
legs_coiling	5.424846649169922
legs_opening	5.019381523132324
lengthening	5.019381523132324
lengthening_breath	5.424846649169922
lengthening_measured	5.424846649169922
let	5.019381523132324
let_quiet	5.019381523132324
level	5.424846649169922
level_measured	5.424846649169922
lidded	5.424846649169922
lidded_slow	5.424846649169922
lifted	4.326234340667725
lifted_chest	5.019381523132324
lifted_hand	5.019381523132324
lifted_head	5.424846649169922
lifting	3.1735548973083496
lifting_arms	5.424846649169922
lifting_celebration	4.731699466705322
lifting_explosive	5.424846649169922
lifting_forearms	5.424846649169922
lifting_high	5.424846649169922
lifting_hips	4.731699466705322
lifting_lively	5.424846649169922
lifting_measured	5.424846649169922
lifting_once	5.019381523132324
lifting_palms	5.424846649169922
lifting_spine	5.424846649169922
lifting_unhurried	5.019381523132324
light	5.019381523132324
light_bounce	5.424846649169922
light_jog	5.424846649169922
lines	5.019381523132324
lines_weight	5.019381523132324
lively	3.1735548973083496
lively_bright	5.424846649169922
lively_cocky	5.424846649169922
lively_energetic	5.424846649169922
lively_exultant	5.424846649169922
lively_hot	5.019381523132324
lively_longing	5.424846649169922
lively_loose	5.019381523132324
lively_meme	5.424846649169922
lively_moody	5.424846649169922
lively_music	4.172083854675293
lively_negative	4.731699466705322
lively_positive	4.731699466705322
lively_posture	5.424846649169922
lively_procedural	5.424846649169922
lively_realization	5.424846649169922
lively_shifting	4.326234340667725
lively_startled	5.424846649169922
lively_struck	5.424846649169922
lively_supporting	5.424846649169922
lively_thrilled	5.424846649169922
lively_upbeat	5.424846649169922
loading	5.424846649169922
loading_arms	5.424846649169922
locomotion	4.508555889129639
locomotion_low	5.424846649169922
locomotion_measured	5.424846649169922
locomotion_run	5.019381523132324
long	3.920769214630127
long_exhale	5.019381523132324
long_floor	4.731699466705322
long_holds	5.424846649169922
long_measured	5.424846649169922
long_stride	5.424846649169922
longing	4.731699466705322
longing_measured	5.424846649169922
longing_quick	5.424846649169922
longing_travels	5.424846649169922
look	4.731699466705322
look_upward	4.731699466705322
lookaround	5.424846649169922
lookaround_low	5.424846649169922
looking	5.424846649169922
loop	4.326234340667725
loop_forearms	5.424846649169922
loop_head	5.424846649169922
loop_light	5.424846649169922
loop_weight	5.019381523132324
loose	3.815408706665039
loose_celebratory	4.326234340667725
loose_lap	4.508555889129639
love	4.731699466705322
love_low	4.731699466705322
low	1.699153184890747
low_deliberate	5.424846649169922
low_energy	1.8005057573318481
low_explosive	5.424846649169922
low_knees	5.019381523132324
low_measured	5.019381523132324
low_shoulders	5.424846649169922
low_squat	5.424846649169922
low_vendor	5.424846649169922
low_weight	5.019381523132324
lowered	4.038552284240723
lowered_gaze	5.019381523132324
lowered_head	4.326234340667725
lowering	4.731699466705322
lowering_arms	5.019381523132324
lowering_floor	5.424846649169922
lying	4.731699466705322
lying_rest	4.731699466705322
marching	5.019381523132324
marching_side	5.019381523132324
mark	2.6522579193115234
mark_alarmed	5.424846649169922
mark_appreciative	5.424846649169922
mark_bright	5.424846649169922
mark_calm	5.424846649169922
mark_careful	5.424846649169922
mark_cocky	5.424846649169922
mark_confident	5.424846649169922
mark_festive	5.424846649169922
mark_flustered	5.424846649169922
mark_hot	4.731699466705322
mark_jaunty	5.424846649169922
mark_let	5.424846649169922
mark_practical	5.424846649169922
mark_purposeful	5.424846649169922
mark_puzzled	5.424846649169922
mark_repelled	5.019381523132324
mark_respectful	5.424846649169922
mark_sensual	5.424846649169922
mark_showy	5.424846649169922
mark_sorry	5.424846649169922
mark_supporting	5.424846649169922
mark_tender	5.424846649169922
mark_unconvinced	5.019381523132324
mark_wanting	4.731699466705322
mark_warm	5.424846649169922
measured	2.562645673751831
measured_alarmed	5.424846649169922
measured_anxious	5.424846649169922
measured_compact	5.424846649169922
measured_content	5.424846649169922
measured_downcast	5.019381523132324
measured_engaged	5.424846649169922
measured_fond	5.424846649169922
measured_grateful	5.424846649169922
measured_hopeful	5.424846649169922
measured_interested	5.424846649169922
measured_irritated	5.424846649169922
measured_let	5.424846649169922
measured_mischievous	5.424846649169922
measured_moderate	2.562645673751831
measured_playful	5.424846649169922
measured_punchy	5.424846649169922
measured_puzzled	5.424846649169922
measured_released	5.424846649169922
measured_repelled	5.424846649169922
measured_shifting	3.920769214630127
measured_startled	5.424846649169922
measured_steady	5.424846649169922
measured_tender	5.424846649169922
measured_thrilled	5.424846649169922
measured_travelling	5.019381523132324
measured_unsure	5.424846649169922
meeting	5.019381523132324
meeting_chest	5.424846649169922
meeting_sternum	5.424846649169922
meme	4.508555889129639
meme_party	5.019381523132324
meme_quick	5.424846649169922
meme_upbeat	5.424846649169922
micro	5.019381523132324
micro_shifts	5.019381523132324
minimal	5.424846649169922
minimal_movement	5.424846649169922
mischievous	5.424846649169922
mischievous_withholding	5.424846649169922
moderate	2.562645673751831
moderate_music	5.019381523132324
moderate_negative	3.815408706665039
moderate_optimism	5.424846649169922
moderate_pat	5.424846649169922
moderate_pickup	5.424846649169922
moderate_playful	5.019381523132324
moderate_positive	4.038552284240723
moderate_posture	5.019381523132324
moderate_procedural	5.424846649169922
moderate_puzzled	5.019381523132324
moderate_shrug	5.424846649169922
moderate_startle	5.424846649169922
moderate_steady	4.508555889129639
moment	5.424846649169922
moment_lifted	5.424846649169922
moody	5.019381523132324
moody_rhythmic	5.019381523132324
mourning	5.424846649169922
mourning_negative	5.424846649169922
movement	4.172083854675293
movement_long	5.424846649169922
movement_measured	5.424846649169922
movement_small	4.731699466705322
movement_unhurried	5.424846649169922
movements	5.424846649169922
movements_weight	5.424846649169922
moving	5.424846649169922
moving_speaking	5.424846649169922
music	3.1222615242004395
music_party	3.633087158203125
music_perform	5.424846649169922
music_quick	5.019381523132324
music_rhythm	5.424846649169922
music_routine	5.019381523132324
music_rumba	5.019381523132324
musicidle	5.424846649169922
musicidle_nod	5.424846649169922
negative	2.716796398162842
negative_nervousness	4.731699466705322
negative_procedural	5.019381523132324
negative_recoil	4.731699466705322
negative_regret	4.731699466705322
negative_sad	4.038552284240723
negative_small	5.019381523132324
negative_steady	4.508555889129639
negative_travels	4.731699466705322
negative_unhurried	5.424846649169922
negative_upbeat	5.424846649169922
nervousness	4.731699466705322
nervousness_small	5.424846649169922
nervousness_steady	5.424846649169922
nervousness_unhurried	5.424846649169922
neutral	4.038552284240723
neutral_procedural	5.424846649169922
neutral_rest	4.172083854675293
nod	3.553044557571411
nod_along	3.553044557571411
nod_head	4.731699466705322
nod_positive	4.731699466705322
nodding	4.508555889129639
nodding_forward	5.424846649169922
nodding_hands	4.731699466705322
northern	5.019381523132324
northern_soul	5.019381523132324
nose	4.731699466705322
nose_shoulders	4.731699466705322
once	5.019381523132324
once_head	5.019381523132324
onto	4.731699466705322
onto_toes	4.731699466705322
open	3.026951313018799
open_arms	5.424846649169922
open_explosive	5.424846649169922
open_gesture	5.019381523132324
open_handed	5.424846649169922
open_head	4.731699466705322
open_lifting	4.731699466705322
open_palms	5.424846649169922
open_unhurried	4.731699466705322
opening	3.2276220321655273
opening_arms	5.424846649169922
opening_chest	4.731699466705322
opening_closing	5.019381523132324
opening_head	4.172083854675293
opening_low	5.019381523132324
opening_outward	5.424846649169922
opening_weight	5.019381523132324
optimism	5.424846649169922
optimism_positive	5.424846649169922
or	2.6522579193115234
or_mark	2.6522579193115234
other	3.920769214630127
other_arm	4.731699466705322
other_extending	5.019381523132324
other_person	4.731699466705322
outward	5.019381523132324
outward_chest	5.424846649169922
outward_head	5.424846649169922
overhead	5.424846649169922
overhead_weight	5.424846649169922
palms	5.019381523132324
palms_shoulders	5.424846649169922
palms_turning	5.424846649169922
parting	5.424846649169922
parting_wave	5.424846649169922
party	2.982499599456787
party_playful	5.424846649169922
party_procedural	5.424846649169922
party_provocative	5.424846649169922
party_quick	4.172083854675293
party_samba	5.424846649169922
party_soul	5.019381523132324
party_steady	5.424846649169922
party_step	5.019381523132324
party_travels	5.019381523132324
party_unhurried	5.424846649169922
party_upbeat	4.731699466705322
passing	4.731699466705322
passing_foot	4.731699466705322
pat	5.424846649169922
pat_steady	5.424846649169922
pat_toward	5.424846649169922
patient	5.019381523132324
patient_procedural	5.424846649169922
patient_small	5.424846649169922
patient_waiting	5.019381523132324
perform	5.424846649169922
perform_positive	5.424846649169922
person	4.731699466705322
person_arm	5.424846649169922
person_arms	5.019381523132324
phrase	5.424846649169922
phrase_lifted	5.424846649169922
phrases	5.424846649169922
phrases_measured	5.424846649169922
pick	5.424846649169922
pick_something	5.424846649169922
pickup	5.424846649169922
pickup_reach	5.424846649169922
planted	5.424846649169922
planted_fast	5.424846649169922
playful	3.7200984954833984
playful_inviting	5.424846649169922
playful_point	5.424846649169922
playful_positive	4.731699466705322
playful_procedural	5.019381523132324
playful_quick	5.424846649169922
pleased	4.731699466705322
pleased_encouraging	5.424846649169922
pleased_self	5.019381523132324
point	5.424846649169922
point_unhurried	5.424846649169922
point_wave	5.424846649169922
pose	5.424846649169922
pose_arms	5.424846649169922
positive	2.48040771484375
positive_pride	5.019381523132324
positive_procedural	5.424846649169922
positive_quick	4.731699466705322
positive_relief	5.019381523132324
positive_sing	5.424846649169922
positive_small	5.019381523132324
positive_steady	4.038552284240723
positive_thrilled	5.019381523132324
positive_travels	4.731699466705322
positive_unhurried	3.633087158203125
positive_vendor	4.731699466705322
posture	3.553044557571411
posture_rest	3.815408706665039
posture_rise	5.424846649169922
posture_steady	5.019381523132324
practical	5.424846649169922
practical_brief	5.424846649169922
present	4.731699466705322
present_unhurried	5.424846649169922
pressing	5.019381523132324
pressing_forward	5.019381523132324
pride	5.019381523132324
pride_small	5.424846649169922
pride_unhurried	5.424846649169922
procedural	3.345405101776123
procedural_quick	5.424846649169922
procedural_rest	5.424846649169922
procedural_restrained	5.424846649169922
procedural_sad	5.424846649169922
procedural_sensual	5.424846649169922
procedural_sfw	4.172083854675293
procedural_steady	5.019381523132324
procedural_unhurried	5.019381523132324
protective	5.019381523132324
proud	5.424846649169922
proud_feet	5.424846649169922
provocative	5.424846649169922
provocative_high	5.424846649169922
provocative_quick	5.424846649169922
pulling	4.038552284240723
pulling_back	4.038552284240723
pump	5.424846649169922
pump_arms	5.424846649169922
pumping	5.424846649169922
pumping_chest	5.424846649169922
punching	5.424846649169922
punching_chest	5.424846649169922
punchy	5.019381523132324
punchy_rhythmic	5.019381523132324
punctuating	4.508555889129639
punctuating_phrases	5.424846649169922
punctuating_unhurried	5.424846649169922
purposeful	5.424846649169922
purposeful_grounded	5.424846649169922
push	5.019381523132324
push_back	5.019381523132324
puzzled	4.731699466705322
puzzled_searching	4.731699466705322
puzzled_steady	5.019381523132324
puzzled_thinking	5.424846649169922
quick	3.0734713077545166
quick_reps	5.424846649169922
quick_retro	5.424846649169922
quick_rhythm	5.424846649169922
quick_rumba	5.424846649169922
quick_sfw	5.424846649169922
quick_silly	5.424846649169922
quick_springy	5.424846649169922
quick_stunt	5.424846649169922
quick_travels	4.172083854675293
quick_twerk	5.424846649169922
quick_vendor	5.019381523132324
quick_victory	5.424846649169922
quiet	4.172083854675293
quiet_standing	5.019381523132324
raised	3.920769214630127
raised_arm	5.019381523132324
raised_hand	4.731699466705322
raised_hands	5.019381523132324
raised_open	5.424846649169922
raising	5.019381523132324
raising_shoulder	5.019381523132324
reach	4.731699466705322
reach_steady	5.424846649169922
reach_toward	5.019381523132324
reaching	5.019381523132324
reaching_back	5.424846649169922
reaching_weight	5.424846649169922
realization	5.424846649169922
realization_surprised	5.424846649169922
reassuring	4.508555889129639
reassuring_close	5.424846649169922
recoil	4.038552284240723
recoil_hands	5.019381523132324
recoil_raised	5.019381523132324
recoil_steady	5.424846649169922
recoil_travels	5.019381523132324
recoil_turn	4.731699466705322
regret	4.731699466705322
regret_remorse	4.731699466705322
relax	5.424846649169922
relax_small	5.424846649169922
relaxed	4.508555889129639
relaxed_stationary	4.508555889129639
relaxing	4.731699466705322
relaxing_open	4.731699466705322
released	5.019381523132324
released_softened	5.019381523132324
releasing	5.019381523132324
releasing_arms	5.424846649169922
releasing_steady	5.424846649169922
relentless	5.019381523132324
relief	5.019381523132324
relief_small	5.424846649169922
relief_steady	5.424846649169922
remorse	4.731699466705322
remorse_sad	4.731699466705322
repeated	5.019381523132324
repeated_bid	5.424846649169922
repeated_crunches	5.424846649169922
repelled	4.731699466705322
repelled_blunt	4.731699466705322
repetitive	5.019381523132324
reps	4.731699466705322
reps_vendor	5.019381523132324
reps_workout	5.424846649169922
respect	5.424846649169922
respect_travels	5.424846649169922
respectful	5.424846649169922
respectful_composed	5.424846649169922
rest	3.284780502319336
rest_body	4.731699466705322
rest_hips	4.508555889129639
rest_sfw	5.424846649169922
rest_sit	4.508555889129639
rest_small	3.7200984954833984
rest_unhurried	5.424846649169922
rest_weight	4.172083854675293
restless	4.731699466705322
restless_shift	4.731699466705322
restrained	5.424846649169922
restrained_intent	5.424846649169922
restrained_slow	5.424846649169922
retro	5.424846649169922
retro_playful	5.424846649169922
retro_twist	5.424846649169922
rhythm	5.019381523132324
rhythm_travels	5.424846649169922
rhythm_upbeat	5.424846649169922
rhythmic	3.920769214630127
rhythmic_working	5.424846649169922
ribcage	5.424846649169922
ribcage_opening	5.424846649169922
ribs	5.424846649169922
ribs_torso	5.424846649169922
riding	5.019381523132324
riding_step	5.019381523132324
rise	5.424846649169922
rise_standing	5.424846649169922
rise_standup	5.424846649169922
rising	3.1735548973083496
rising_cheek	5.019381523132324
rising_chest	4.326234340667725
rising_falling	5.019381523132324
rising_lively	5.424846649169922
rising_measured	4.508555889129639
rising_toward	5.019381523132324
rising_unhurried	5.019381523132324
rock	4.731699466705322
rock_back	4.731699466705322
rocking	5.019381523132324
rocking_back	5.019381523132324
rolling	5.019381523132324
rolling_fast	5.424846649169922
rolling_lively	5.424846649169922
rotating	5.019381523132324
rotating_air	5.424846649169922
rotating_arms	5.424846649169922
round	5.424846649169922
round_applause	5.424846649169922
rounded	4.731699466705322
rounded_arms	5.424846649169922
rounded_shoulders	5.019381523132324
rounding	4.508555889129639
rounding_hand	5.424846649169922
rounding_hands	5.424846649169922
rounding_head	5.019381523132324
routine	4.172083854675293
routine_coordinated	5.019381523132324
routine_feet	5.019381523132324
routine_hands	5.019381523132324
routine_travels	5.424846649169922
routine_upbeat	5.424846649169922
rubbing	4.731699466705322
rubbing_other	4.731699466705322
rumba	4.731699466705322
rumba_figure	5.019381523132324
rumba_hips	5.424846649169922
rumba_travels	5.424846649169922
run	4.172083854675293
run_arms	5.019381523132324
run_hands	5.424846649169922
run_long	5.424846649169922
run_repeated	5.424846649169922
run_sprint	5.424846649169922
run_travel	5.424846649169922
sad	3.633087158203125
sad_behaviour	5.019381523132324
sad_sad	5.424846649169922
sad_sadness	5.019381523132324
sad_sfw	5.424846649169922
sad_small	4.731699466705322
sad_steady	5.019381523132324
sad_travels	5.019381523132324
sad_unhurried	5.424846649169922
sadness	5.019381523132324
sadness_small	5.424846649169922
sadness_steady	5.424846649169922
sag	5.424846649169922
sag_slow	5.424846649169922
samba	5.424846649169922
samba_fast	5.424846649169922
samba_travels	5.424846649169922
scan	5.424846649169922
scan_surroundings	5.424846649169922
scan_unhurried	5.424846649169922
searching	4.731699466705322
seated	4.326234340667725
seated_gaming	5.424846649169922
seated_rest	4.508555889129639
seated_small	5.424846649169922
self	4.731699466705322
self_assured	5.019381523132324
self_conscious	5.424846649169922
sensual	4.508555889129639
sensual_controlled	4.731699466705322
sensual_slow	5.424846649169922
sensual_sway	5.424846649169922
sensualsway	5.424846649169922
set	5.019381523132324
set_jumping	5.019381523132324
settled	3.4789364337921143
settled_chest	5.424846649169922
settled_nod	4.731699466705322
settled_spine	4.508555889129639
settled_standing	4.508555889129639
settling	4.731699466705322
settling_shoulders	4.731699466705322
sfw	3.815408706665039
sfw_small	5.424846649169922
sfw_speak	5.424846649169922
sfw_startle	5.424846649169922
sfw_thinking	5.424846649169922
sfw_unhurried	5.019381523132324
sfw_upbeat	5.019381523132324
shake	5.019381523132324
shake_folded	5.019381523132324
shaking	4.326234340667725
shaking_head	4.731699466705322
shaking_measured	5.424846649169922
shaking_small	5.424846649169922
shaping	4.731699466705322
shaping_arms	5.424846649169922
shaping_explosive	5.424846649169922
shaping_fast	5.424846649169922
sharp	4.172083854675293
sharp_footwork	5.424846649169922
sharp_forward	4.731699466705322
sharp_recoil	5.019381523132324
sharpened	5.019381523132324
sharpened_head	5.019381523132324
shift	4.731699466705322
shift_fidgeting	4.731699466705322
shifting	2.562645673751831
shifting_back	5.424846649169922
shifting_feet	5.019381523132324
shifting_step	2.6522579193115234
shifts	4.731699466705322
shifts_gaze	5.424846649169922
shifts_hips	5.019381523132324
shins	5.019381523132324
shins_torso	5.019381523132324
shoulder	4.172083854675293
shoulder_height	5.019381523132324
shoulder_measured	5.424846649169922
shoulder_rising	4.731699466705322
shouldered	5.424846649169922
shouldered_shrug	5.424846649169922
shoulders	2.404421806335449
shoulders_back	5.019381523132324
shoulders_bouncing	5.424846649169922
shoulders_chest	4.326234340667725
shoulders_curling	5.424846649169922
shoulders_dropping	4.731699466705322
shoulders_ears	4.731699466705322
shoulders_hunched	5.424846649169922
shoulders_leading	5.424846649169922
shoulders_lifting	4.172083854675293
shoulders_rolling	5.019381523132324
shoulders_rounded	5.424846649169922
shoulders_rounding	4.508555889129639
shoulders_shaking	4.731699466705322
shoulders_sinking	5.424846649169922
shoulders_slowed	5.019381523132324
shoulders_soft	4.731699466705322
shoulders_trailing	5.424846649169922
showy	4.731699466705322
showy_athletic	4.731699466705322
shrinking	5.424846649169922
shrinking_half	5.424846649169922
shrug	4.731699466705322
shrug_open	5.424846649169922
shrug_steady	5.424846649169922
shrug_turn	5.019381523132324
shy	5.019381523132324
shy_travels	5.424846649169922
shy_unhurried	5.424846649169922
side	4.508555889129639
side_arms	5.019381523132324
side_lively	5.019381523132324
side_side	4.508555889129639
side_step	5.019381523132324
sides	5.424846649169922
sides_unhurried	5.424846649169922
silly	5.424846649169922
silly_dance	5.424846649169922
sincere	5.424846649169922
sing	5.424846649169922
sing_steady	5.424846649169922
sink	5.019381523132324
sink_lowered	5.019381523132324
sinking	4.508555889129639
sinking_chest	5.424846649169922
sinking_head	5.019381523132324
sinking_unhurried	5.424846649169922
sit	4.508555889129639
sit_idle	4.508555889129639
sit_sit	5.424846649169922
sit_sitting	4.508555889129639
sitting	4.508555889129639
sitting_small	4.508555889129639
slack	5.019381523132324
slack_measured	5.424846649169922
slack_unhurried	5.424846649169922
sleepy	5.424846649169922
sleepy_tired	5.424846649169922
slow	3.1735548973083496
slow_blink	5.424846649169922
slow_burn	5.424846649169922
slow_chest	4.731699466705322
slow_draw	4.731699466705322
slow_figure	5.424846649169922
slow_head	4.731699466705322
slow_scan	5.424846649169922
slow_sink	5.019381523132324
slow_sway	5.424846649169922
slow_weight	5.424846649169922
slowburn	5.424846649169922
slowed	5.019381523132324
slowed_movement	5.019381523132324
slowing	5.424846649169922
slowing_small	5.424846649169922
slowly	5.019381523132324
slowly_arms	5.019381523132324
small	2.5916333198547363
small_bow	5.424846649169922
small_breathing	4.508555889129639
small_contained	2.716796398162842
small_measured	5.424846649169922
small_movements	5.424846649169922
small_weight	5.424846649169922
snapping	4.731699466705322
snapping_beat	5.019381523132324
snapping_hand	5.424846649169922
soft	4.172083854675293
soft_fast	5.424846649169922
soft_lively	5.424846649169922
soft_measured	5.424846649169922
soft_reach	5.019381523132324
softened	5.019381523132324
something	5.424846649169922
something_hips	5.424846649169922
sorry	4.731699466705322
sorry_withdrawn	4.731699466705322
soul	5.019381523132324
soul_spin	5.019381523132324
sourced	4.172083854675293
sourced_action	5.019381523132324
sourced_exercise	5.424846649169922
sourced_jumpingjacks	5.424846649169922
sourced_thinking	5.019381523132324
space	5.019381523132324
space_head	5.019381523132324
speak	5.019381523132324
speak_steady	5.424846649169922
speak_talk	5.424846649169922
speaking	5.019381523132324
speaking_space	5.019381523132324
spin	5.019381523132324
spin_fast	5.019381523132324
spin_travels	5.424846649169922
spine	3.920769214630127
spine_curling	5.424846649169922
spine_easy	4.508555889129639
spine_hinging	5.424846649169922
spine_lengthening	5.424846649169922
spine_unrolling	5.424846649169922
spot	5.424846649169922
spot_knees	5.424846649169922
springy	5.424846649169922
sprint	5.424846649169922
sprint_travel	5.424846649169922
squared	4.038552284240723
squared_chest	5.019381523132324
squared_expansive	5.019381523132324
squared_fists	4.731699466705322
squaring	5.019381523132324
squaring_unhurried	5.019381523132324
squat	5.424846649169922
squat_torso	5.424846649169922
stance	5.019381523132324
stance_chest	5.019381523132324
stand	5.424846649169922
standing	3.553044557571411
standing_greeting	5.424846649169922
standing_hips	5.424846649169922
standing_idle	5.019381523132324
standing_jump	5.424846649169922
standing_loop	5.019381523132324
standing_rest	4.508555889129639
standing_round	5.424846649169922
standup	5.424846649169922
standup_travels	5.424846649169922
startle	4.508555889129639
startle_steady	5.424846649169922
startle_surprise	5.424846649169922
startle_surprised	5.019381523132324
startled	4.508555889129639
startled_open	5.019381523132324
startled_wide	5.019381523132324
stationary	4.508555889129639
staying	4.508555889129639
staying_long	5.424846649169922
staying_measured	5.424846649169922
staying_sides	5.424846649169922
staying_tall	5.424846649169922
steady	2.48040771484375
steady_chest	5.424846649169922
steady_count	5.424846649169922
steady_surprise	5.424846649169922
steady_talk	5.424846649169922
steady_tease	5.424846649169922
steady_tender	5.019381523132324
steady_thanks	5.424846649169922
steady_thinking	4.731699466705322
steady_thrilled	5.424846649169922
steady_torso	5.424846649169922
steady_touch	5.424846649169922
steady_travel	5.424846649169922
steady_travels	4.038552284240723
steady_unhurried	5.424846649169922
steady_unsure	5.424846649169922
steady_vendor	3.553044557571411
step	2.507075786590576
step_or	2.6522579193115234
step_routine	4.508555889129639
step_travels	5.424846649169922
step_wrists	5.019381523132324
stepping	5.019381523132324
stepping_side	5.019381523132324
steps	5.019381523132324
steps_arm	5.019381523132324
sternum	5.424846649169922
sternum_measured	5.424846649169922
still	2.5916333198547363
still_low	4.731699466705322
still_measured	5.424846649169922
still_moment	5.424846649169922
still_subtle	2.716796398162842
still_unhurried	5.019381523132324
stricken	5.424846649169922
stricken_heavy	5.424846649169922
stride	5.424846649169922
stride_arms	5.424846649169922
strikes	5.424846649169922
strikes_torso	5.424846649169922
struck	5.424846649169922
struck_idea	5.424846649169922
stunt	5.424846649169922
stunt_travels	5.424846649169922
stylish	5.424846649169922
subtle	2.716796398162842
subtle_travels	4.326234340667725
subtle_vendor	2.982499599456787
sudden	4.731699466705322
sudden_recoil	5.019381523132324
sudden_still	5.424846649169922
sung	5.424846649169922
sung_phrase	5.424846649169922
supporting	5.019381523132324
supporting_rhythmic	5.019381523132324
surge	4.731699466705322
surge_onto	4.731699466705322
surprise	5.019381523132324
surprise_surprised	5.019381523132324
surprised	4.326234340667725
surprised_behaviour	5.019381523132324
surprised_thinking	5.424846649169922
surprised_unhurried	5.019381523132324
surprised_upbeat	5.424846649169922
surprised_vendor	5.424846649169922
surroundings	5.424846649169922
surroundings_head	5.424846649169922
sway	4.172083854675293
sway_behaviour	5.424846649169922
sway_blinks	5.424846649169922
sway_small	4.731699466705322
sway_unhurried	5.019381523132324
sweeping	3.920769214630127
sweeping_face	5.019381523132324
sweeping_weight	4.172083854675293
swinging	3.7200984954833984
swinging_body	4.731699466705322
swinging_chest	5.424846649169922
swinging_fast	5.019381523132324
swinging_lively	5.424846649169922
swinging_low	5.424846649169922
swinging_small	5.424846649169922
swinging_torso	5.424846649169922
talk	5.019381523132324
talk_unhurried	5.424846649169922
talking	5.019381523132324
talking_behaviour	5.424846649169922
tall	5.424846649169922
tall_explosive	5.424846649169922
tease	5.424846649169922
teasing	5.424846649169922
teasing_behaviour	5.424846649169922
tempo	5.424846649169922
tender	5.019381523132324
tender_protective	5.019381523132324
tender_travels	5.424846649169922
tender_vendor	5.424846649169922
thanks	5.424846649169922
thanks_vendor	5.424846649169922
thinking	3.7200984954833984
thinking_behaviour	5.019381523132324
thinking_travels	5.424846649169922
thinking_unhurried	4.326234340667725
thinking_upbeat	5.424846649169922
thinking_vendor	5.019381523132324
thinking_vrma	5.424846649169922
thrilled	4.731699466705322
thrilled_unrestrained	4.731699466705322
thrilled_upbeat	5.424846649169922
thrilled_vendor	5.019381523132324
tight	4.731699466705322
tight_chin	4.731699466705322
tightened	5.019381523132324
tightened_arms	5.019381523132324
tilt	4.731699466705322
tilt_half	4.731699466705322
tilting	3.815408706665039
tilting_gaze	5.019381523132324
tilting_hands	4.731699466705322
tilting_measured	5.424846649169922
tilting_weight	4.731699466705322
tipping	4.731699466705322
tipping_back	4.731699466705322
tired	5.424846649169922
tired_unhurried	5.424846649169922
toes	4.731699466705322
toes_arms	4.731699466705322
together	4.731699466705322
together_beat	5.019381523132324
together_head	5.424846649169922
torso	3.284780502319336
torso_braced	5.424846649169922
torso_curling	5.424846649169922
torso_following	5.424846649169922
torso_hips	5.424846649169922
torso_jutting	5.424846649169922
torso_leaning	5.424846649169922
torso_level	5.424846649169922
torso_opening	5.424846649169922
torso_pulling	4.731699466705322
torso_squaring	5.019381523132324
torso_staying	5.424846649169922
torso_upright	5.019381523132324
touch	5.424846649169922
touch_travels	5.424846649169922
toward	3.920769214630127
toward_chin	5.019381523132324
toward_other	4.731699466705322
toward_whatever	4.731699466705322
tracking	5.424846649169922
tracking_unhurried	5.424846649169922
trailing	4.731699466705322
trailing_unhurried	5.424846649169922
trailing_wide	5.019381523132324
transfer	5.424846649169922
transfer_shaping	5.424846649169922
transferring	5.019381523132324
transferring_slowly	5.019381523132324
travel	4.731699466705322
travel_vendor	4.731699466705322
travelling	3.1735548973083496
travelling_feet	4.326234340667725
travelling_floor	3.4789364337921143
travelling_side	5.019381523132324
travels	2.311331272125244
travels_unhurried	3.815408706665039
travels_upbeat	4.326234340667725
travels_utility	5.424846649169922
travels_vendor	2.9399399757385254
triumphant	5.019381523132324
triumphant_fist	5.424846649169922
triumphant_settled	5.424846649169922
turn	3.633087158203125
turn_away	4.731699466705322
turn_covered	5.424846649169922
turn_face	4.731699466705322
turn_fast	5.424846649169922
turn_foot	5.019381523132324
turn_hand	5.424846649169922
turned	4.731699466705322
turned_away	4.731699466705322
turning	4.172083854675293
turning_away	5.019381523132324
turning_chin	5.424846649169922
turning_eyes	5.424846649169922
turning_head	5.424846649169922
turning_unhurried	5.424846649169922
turns	5.019381523132324
turns_lively	5.424846649169922
turns_small	5.424846649169922
twerk	5.424846649169922
twerk_hips	5.424846649169922
twist	5.424846649169922
twist_hips	5.424846649169922
twitchy	5.424846649169922
unbothered	5.019381523132324
unclenching	5.019381523132324
unclenching_shoulders	5.019381523132324
unconvinced	5.019381523132324
unconvinced_closed	5.019381523132324
uncoordinated	5.424846649169922
uncoordinated_knees	5.424846649169922
unfolding	5.019381523132324
unfolding_small	5.424846649169922
unfolding_unhurried	5.424846649169922
unguarded	4.731699466705322
unhurried	2.1477019786834717
unhurried_affectionate	5.424846649169922
unhurried_agreeable	5.019381523132324
unhurried_alarmed	5.424846649169922
unhurried_anxious	5.424846649169922
unhurried_attentive	5.424846649169922
unhurried_bashful	5.424846649169922
unhurried_bright	5.424846649169922
unhurried_calm	5.424846649169922
unhurried_close	5.424846649169922
unhurried_considering	5.019381523132324
unhurried_curious	5.424846649169922
unhurried_delighted	5.424846649169922
unhurried_downcast	5.424846649169922
unhurried_effortful	5.424846649169922
unhurried_elated	5.424846649169922
unhurried_engaged	5.424846649169922
unhurried_friendly	5.424846649169922
unhurried_heavy	5.424846649169922
unhurried_insistent	5.424846649169922
unhurried_interested	5.019381523132324
unhurried_inviting	5.424846649169922
unhurried_languid	5.424846649169922
unhurried_pleased	5.424846649169922
unhurried_present	5.019381523132324
unhurried_punchy	5.424846649169922
unhurried_puzzled	5.424846649169922
unhurried_restrained	5.424846649169922
unhurried_shifting	3.920769214630127
unhurried_startled	5.019381523132324
unhurried_stricken	5.424846649169922
unhurried_travelling	5.424846649169922
unhurried_vendor	2.621486186981201
unhurried_victory	5.424846649169922
unhurried_waiting	5.424846649169922
unhurried_warm	5.019381523132324
unhurried_wave	5.019381523132324
unhurried_welcoming	5.019381523132324
unrestrained	4.731699466705322
unrolling	5.424846649169922
unrolling_arms	5.424846649169922
unsettled	4.731699466705322
unsure	5.424846649169922
unsure_candid	5.424846649169922
unwound	5.424846649169922
unwound_soft	5.424846649169922
upbeat	3.1735548973083496
upbeat_vendor	3.815408706665039
upright	5.019381523132324
upright_small	5.019381523132324
uprock	5.424846649169922
uprock_sharp	5.424846649169922
upward	4.731699466705322
upward_head	4.731699466705322
urgent	5.424846649169922
urgent_fast	5.424846649169922
user	5.424846649169922
user_small	5.424846649169922
utility	5.424846649169922
utility_vendor	5.424846649169922
vendor	1.3305020332336426
vendor_vrma	3.553044557571411
vendor_walk	5.424846649169922
vendor_warm	3.815408706665039
vendor_wave	4.731699466705322
vendor_workout	4.508555889129639
victorious	5.424846649169922
victory	5.019381523132324
victory_pose	5.424846649169922
victory_win	5.019381523132324
vrma	3.4789364337921143
vrma_waiting	5.424846649169922
vrma_wave	5.424846649169922
waist	5.424846649169922
waist_spine	5.424846649169922
waiting	5.019381523132324
waiting_loop	5.019381523132324
walk	5.424846649169922
walk_legs	5.424846649169922
wanting	4.731699466705322
wanting_unhurried	4.731699466705322
warm	3.553044557571411
warm_gather	4.731699466705322
warm_impressed	4.731699466705322
warm_inviting	5.424846649169922
watchful	5.424846649169922
wave	4.038552284240723
wave_arm	5.019381523132324
waves	5.019381523132324
waves_head	5.019381523132324
waving	5.424846649169922
waving_overhead	5.424846649169922
weight	2.454432249069214
weight_bouncing	5.424846649169922
weight_cocking	5.424846649169922
weight_drawing	5.424846649169922
weight_even	4.508555889129639
weight_hands	5.424846649169922
weight_leaning	4.172083854675293
weight_open	5.424846649169922
weight_passing	4.731699466705322
weight_rising	5.424846649169922
weight_rocking	5.019381523132324
weight_settled	5.424846649169922
weight_shifting	4.731699466705322
weight_shifts	5.424846649169922
weight_shins	5.019381523132324
weight_transfer	5.424846649169922
weight_transferring	5.019381523132324
weight_travelling	4.038552284240723
welcoming	4.731699466705322
welcoming_direct	5.019381523132324
whatever	4.731699466705322
whatever_caught	4.731699466705322
whole	5.019381523132324
whole_body	5.019381523132324
wide	4.508555889129639
wide_explosive	5.019381523132324
wide_open	5.019381523132324
win	5.019381523132324
withdrawn	4.731699466705322
withholding	5.424846649169922
working	4.731699466705322
working_shoulders	5.424846649169922
working_speaking	5.424846649169922
workout	4.326234340667725
worrying	4.731699466705322
worrying_measured	5.424846649169922
worrying_small	5.424846649169922
worrying_unhurried	5.424846649169922
wrist	5.424846649169922
wrist_swinging	5.424846649169922
wrists	5.019381523132324
wrists_crossing	5.019381523132324
